id,timeStamp,baseCurrency,foreignCurrency,open,close,high,low,volume,baseCurrencyNetSentiment,foreignCurrencyNetSentiment,actualMomentum,machinePredictedMomentum
1,"10/15/2018 00:00:00",USD,CHF,0.99078,0.99093,0.99115,0.99075,2270,Neutral,Neutral,P,P
2,"10/15/2018 01:00:00",USD,CHF,0.99095,0.99097,0.99116,0.99049,2403,Neutral,Neutral,P,P
3,"10/15/2018 02:00:00",USD,CHF,0.99096,0.9908,0.99098,0.99059,1764,Neutral,Neutral,P,P
4,"10/15/2018 03:00:00",USD,CHF,0.9908,0.99086,0.99089,0.9905,1561,Neutral,Neutral,P,P
5,"10/15/2018 04:00:00",USD,CHF,0.99087,0.99023,0.99101,0.99016,1858,Neutral,Neutral,P,P
6,"10/15/2018 05:00:00",USD,CHF,0.99023,0.99016,0.99075,0.98989,2505,Neutral,Neutral,P,P
7,"10/15/2018 06:00:00",USD,CHF,0.99016,0.98988,0.99083,0.98978,4830,Neutral,Neutral,P,P
8,"10/15/2018 07:00:00",USD,CHF,0.98988,0.9903,0.99054,0.9895,6644,Neutral,Neutral,P,P
9,"10/15/2018 08:00:00",USD,CHF,0.9903,0.98904,0.99088,0.98904,7058,Neutral,Neutral,P,P
10,"10/15/2018 09:00:00",USD,CHF,0.98903,0.98572,0.98908,0.98477,6995,Neutral,Neutral,P,P
11,"10/15/2018 10:00:00",USD,CHF,0.98572,0.98515,0.98615,0.98491,4664,Neutral,Neutral,P,P
12,"10/15/2018 11:00:00",USD,CHF,0.98515,0.98693,0.98695,0.98505,4513,Neutral,Neutral,P,P
13,"10/15/2018 12:00:00",USD,CHF,0.98693,0.98548,0.98705,0.98541,5155,Neutral,Neutral,P,P
14,"10/15/2018 13:00:00",USD,CHF,0.98549,0.98536,0.98657,0.98536,6319,Neutral,Neutral,P,P
15,"10/15/2018 14:00:00",USD,CHF,0.98537,0.9877,0.98793,0.98528,7344,Neutral,Neutral,P,P
16,"10/15/2018 15:00:00",USD,CHF,0.98768,0.98682,0.98794,0.98674,4963,Neutral,Neutral,P,P
17,"10/15/2018 16:00:00",USD,CHF,0.98682,0.9873,0.98767,0.98671,3123,Neutral,Neutral,P,P
18,"10/15/2018 17:00:00",USD,CHF,0.98728,0.98821,0.98826,0.98728,4326,Neutral,Neutral,P,P
19,"10/15/2018 18:00:00",USD,CHF,0.98824,0.98731,0.9883,0.98721,3372,Neutral,Neutral,P,P
20,"10/15/2018 19:00:00",USD,CHF,0.9873,0.98714,0.98741,0.98697,2921,Neutral,Neutral,P,P
21,"10/15/2018 20:00:00",USD,CHF,0.98714,0.98696,0.98714,0.9867,1348,Neutral,Neutral,P,P
22,"10/15/2018 21:00:00",USD,CHF,0.987,0.98702,0.98752,0.98687,1812,Neutral,Neutral,P,P
23,"10/15/2018 22:00:00",USD,CHF,0.98702,0.98692,0.98714,0.98674,1225,Neutral,Neutral,P,P
24,"10/15/2018 23:00:00",USD,CHF,0.98691,0.987,0.98702,0.98691,764,Neutral,Neutral,P,P
25,"10/16/2018 00:00:00",USD,CHF,0.987,0.98655,0.98724,0.98647,2625,Neutral,Neutral,P,P
26,"10/16/2018 01:00:00",USD,CHF,0.98654,0.98741,0.98752,0.98653,3416,Neutral,Neutral,P,P
27,"10/16/2018 02:00:00",USD,CHF,0.98742,0.98825,0.98832,0.98741,2522,Neutral,Neutral,P,P
28,"10/16/2018 03:00:00",USD,CHF,0.98825,0.98834,0.98848,0.98781,2902,Neutral,Neutral,P,P
29,"10/16/2018 04:00:00",USD,CHF,0.98834,0.98869,0.98869,0.9883,1642,Neutral,Neutral,P,P
30,"10/16/2018 05:00:00",USD,CHF,0.98869,0.98952,0.98977,0.98869,3203,Neutral,Neutral,P,P
31,"10/16/2018 06:00:00",USD,CHF,0.98952,0.98843,0.98957,0.98835,3597,Neutral,Neutral,P,P
32,"10/16/2018 07:00:00",USD,CHF,0.98845,0.98744,0.98892,0.98684,6277,Neutral,Neutral,P,P
33,"10/16/2018 08:00:00",USD,CHF,0.98748,0.98742,0.98848,0.98734,3832,Neutral,Neutral,P,P
34,"10/16/2018 09:00:00",USD,CHF,0.98741,0.98876,0.98915,0.98739,4005,Neutral,Neutral,P,P
35,"10/16/2018 10:00:00",USD,CHF,0.98876,0.98796,0.98934,0.98746,4266,Neutral,Neutral,P,P
36,"10/16/2018 11:00:00",USD,CHF,0.98796,0.98738,0.98807,0.98721,3543,Neutral,Neutral,P,P
37,"10/16/2018 12:00:00",USD,CHF,0.98737,0.98803,0.98817,0.98723,4430,Neutral,Neutral,P,P
38,"10/16/2018 13:00:00",USD,CHF,0.98804,0.989,0.98915,0.98588,6595,Neutral,Neutral,P,P
39,"10/16/2018 14:00:00",USD,CHF,0.989,0.98964,0.99015,0.9887,5622,Neutral,Neutral,P,P
40,"10/16/2018 15:00:00",USD,CHF,0.98966,0.98937,0.99087,0.98924,4181,Neutral,Neutral,P,P
41,"10/16/2018 16:00:00",USD,CHF,0.98936,0.9896,0.9904,0.98933,3195,Neutral,Neutral,P,P
42,"10/16/2018 17:00:00",USD,CHF,0.9896,0.99051,0.99054,0.98932,2388,Neutral,Neutral,P,P
43,"10/16/2018 18:00:00",USD,CHF,0.99052,0.98991,0.9907,0.98989,2109,Neutral,Neutral,P,P
44,"10/16/2018 19:00:00",USD,CHF,0.98992,0.99008,0.99011,0.98979,1758,Neutral,Neutral,P,P
45,"10/16/2018 20:00:00",USD,CHF,0.99007,0.99061,0.99069,0.98983,1845,Neutral,Neutral,P,P
46,"10/16/2018 21:00:00",USD,CHF,0.99059,0.99031,0.99071,0.98982,1867,Neutral,Neutral,P,P
47,"10/16/2018 22:00:00",USD,CHF,0.9903,0.99041,0.99057,0.99008,828,Neutral,Neutral,P,P
48,"10/16/2018 23:00:00",USD,CHF,0.99038,0.99038,0.99068,0.98999,1169,Neutral,Neutral,P,P
49,"10/17/2018 00:00:00",USD,CHF,0.99037,0.99058,0.99067,0.9902,1836,Neutral,Neutral,P,P
50,"10/17/2018 01:00:00",USD,CHF,0.99058,0.9909,0.99106,0.99058,1795,Neutral,Neutral,P,P
51,"10/17/2018 02:00:00",USD,CHF,0.9909,0.99128,0.99138,0.99059,1778,Neutral,Neutral,P,P
52,"10/17/2018 03:00:00",USD,CHF,0.99129,0.99148,0.99169,0.99115,1566,Neutral,Neutral,P,P
53,"10/17/2018 04:00:00",USD,CHF,0.99147,0.99142,0.99154,0.99112,1551,Neutral,Neutral,P,P
54,"10/17/2018 05:00:00",USD,CHF,0.99143,0.99116,0.99174,0.9908,2592,Neutral,Neutral,P,P
55,"10/17/2018 06:00:00",USD,CHF,0.99116,0.99072,0.99144,0.99068,3933,Neutral,Neutral,P,P
56,"10/17/2018 07:00:00",USD,CHF,0.99072,0.99102,0.9914,0.99023,4920,Neutral,Neutral,P,P
57,"10/17/2018 08:00:00",USD,CHF,0.99102,0.99107,0.99149,0.99026,4726,Neutral,Neutral,P,P
58,"10/17/2018 09:00:00",USD,CHF,0.99108,0.99224,0.99269,0.99101,3934,Neutral,Neutral,P,P
59,"10/17/2018 10:00:00",USD,CHF,0.99224,0.99323,0.99333,0.99116,4546,Neutral,Neutral,P,P
60,"10/17/2018 11:00:00",USD,CHF,0.99323,0.99363,0.99387,0.99258,5519,Neutral,Neutral,P,P
61,"10/17/2018 12:00:00",USD,CHF,0.99362,0.99199,0.99365,0.99175,4414,Neutral,Neutral,P,P
62,"10/17/2018 13:00:00",USD,CHF,0.99199,0.99259,0.9928,0.99175,5494,Neutral,Neutral,P,P
63,"10/17/2018 14:00:00",USD,CHF,0.99257,0.99248,0.99311,0.9915,6392,Neutral,Neutral,P,P
64,"10/17/2018 15:00:00",USD,CHF,0.99249,0.99265,0.99309,0.99168,5119,Neutral,Neutral,P,P
65,"10/17/2018 16:00:00",USD,CHF,0.99264,0.99292,0.99303,0.99227,4702,Neutral,Neutral,P,P
66,"10/17/2018 17:00:00",USD,CHF,0.99294,0.99469,0.99491,0.9929,4458,Neutral,Neutral,P,P
67,"10/17/2018 18:00:00",USD,CHF,0.9947,0.99491,0.99496,0.99411,5035,Neutral,Neutral,P,P
68,"10/17/2018 19:00:00",USD,CHF,0.99491,0.99496,0.99523,0.99468,3834,Neutral,Neutral,P,P
69,"10/17/2018 20:00:00",USD,CHF,0.99496,0.99521,0.99542,0.99493,1447,Neutral,Neutral,P,P
70,"10/17/2018 21:00:00",USD,CHF,0.9952,0.99459,0.99532,0.9943,1778,Neutral,Neutral,P,P
71,"10/17/2018 22:00:00",USD,CHF,0.99459,0.99519,0.99526,0.99459,1867,Neutral,Neutral,P,P
72,"10/17/2018 23:00:00",USD,CHF,0.99519,0.99473,0.99566,0.99465,1873,Neutral,Neutral,P,P
73,"10/18/2018 00:00:00",USD,CHF,0.99473,0.99458,0.99502,0.99452,2638,Neutral,Neutral,P,P
74,"10/18/2018 01:00:00",USD,CHF,0.99459,0.99481,0.99501,0.99446,2496,Neutral,Neutral,P,P
75,"10/18/2018 02:00:00",USD,CHF,0.99482,0.99457,0.99511,0.99441,2246,Neutral,Neutral,P,P
76,"10/18/2018 03:00:00",USD,CHF,0.99457,0.99466,0.9948,0.99446,1257,Neutral,Neutral,P,P
77,"10/18/2018 04:00:00",USD,CHF,0.99466,0.99475,0.99502,0.99451,1743,Neutral,Neutral,P,P
78,"10/18/2018 05:00:00",USD,CHF,0.99472,0.99522,0.99535,0.99459,2098,Neutral,Neutral,P,P
79,"10/18/2018 06:00:00",USD,CHF,0.99524,0.99528,0.99588,0.99504,3745,Neutral,Neutral,P,P
80,"10/18/2018 07:00:00",USD,CHF,0.9953,0.99289,0.99552,0.99289,4937,Neutral,Neutral,P,P
81,"10/18/2018 08:00:00",USD,CHF,0.99286,0.99363,0.99409,0.99253,4779,Neutral,Neutral,P,P
82,"10/18/2018 09:00:00",USD,CHF,0.99363,0.99283,0.99414,0.99273,4197,Neutral,Neutral,P,P
83,"10/18/2018 10:00:00",USD,CHF,0.99282,0.99241,0.99318,0.99199,3490,Neutral,Neutral,P,P
84,"10/18/2018 11:00:00",USD,CHF,0.99243,0.99385,0.99428,0.99206,3905,Neutral,Neutral,P,P
85,"10/18/2018 12:00:00",USD,CHF,0.99386,0.99645,0.9968,0.99382,4600,Neutral,Neutral,P,P
86,"10/18/2018 13:00:00",USD,CHF,0.99646,0.99562,0.99747,0.99543,5609,Neutral,Neutral,P,P
87,"10/18/2018 14:00:00",USD,CHF,0.99566,0.99545,0.99663,0.99534,5928,Neutral,Neutral,P,P
88,"10/18/2018 15:00:00",USD,CHF,0.99544,0.99414,0.99557,0.99389,7703,Neutral,Neutral,P,P
89,"10/18/2018 16:00:00",USD,CHF,0.99413,0.99446,0.99526,0.99345,7138,Neutral,Neutral,P,P
90,"10/18/2018 17:00:00",USD,CHF,0.99447,0.99558,0.99564,0.99447,6369,Neutral,Neutral,P,P
91,"10/18/2018 18:00:00",USD,CHF,0.99557,0.99542,0.9963,0.99528,6383,Neutral,Neutral,P,P
92,"10/18/2018 19:00:00",USD,CHF,0.9954,0.99589,0.99605,0.99493,6129,Neutral,Neutral,P,P
93,"10/18/2018 20:00:00",USD,CHF,0.99589,0.9956,0.99589,0.99532,1568,Neutral,Neutral,P,P
94,"10/18/2018 21:00:00",USD,CHF,0.99559,0.99539,0.9958,0.99502,1400,Neutral,Neutral,P,P
95,"10/18/2018 22:00:00",USD,CHF,0.99539,0.99575,0.99576,0.99536,587,Neutral,Neutral,P,P
96,"10/18/2018 23:00:00",USD,CHF,0.99575,0.99582,0.99585,0.99555,558,Neutral,Neutral,P,P
97,"10/19/2018 00:00:00",USD,CHF,0.99581,0.99694,0.99701,0.99579,2413,Neutral,Neutral,P,P
98,"10/19/2018 01:00:00",USD,CHF,0.99693,0.99693,0.99722,0.99665,3314,Neutral,Neutral,P,P
99,"10/19/2018 02:00:00",USD,CHF,0.99692,0.99673,0.99712,0.99667,2658,Neutral,Neutral,P,P
100,"10/19/2018 03:00:00",USD,CHF,0.99674,0.99612,0.9968,0.9961,1409,Neutral,Neutral,P,P
101,"10/19/2018 04:00:00",USD,CHF,0.99611,0.99616,0.99649,0.99599,1410,Neutral,Neutral,P,P
102,"10/19/2018 05:00:00",USD,CHF,0.99615,0.99638,0.99656,0.99612,2049,Neutral,Neutral,P,P
103,"10/19/2018 06:00:00",USD,CHF,0.99637,0.99595,0.99709,0.99572,3961,Neutral,Neutral,P,P
104,"10/19/2018 07:00:00",USD,CHF,0.99596,0.99712,0.99763,0.99592,4947,Neutral,Neutral,P,P
105,"10/19/2018 08:00:00",USD,CHF,0.99711,0.99613,0.99724,0.99583,5425,Neutral,Neutral,P,P
106,"10/19/2018 09:00:00",USD,CHF,0.99614,0.99522,0.9962,0.99509,4488,Neutral,Neutral,P,P
107,"10/19/2018 10:00:00",USD,CHF,0.99523,0.99601,0.99612,0.99495,4326,Neutral,Neutral,P,P
108,"10/19/2018 11:00:00",USD,CHF,0.99601,0.99596,0.99652,0.99539,4867,Neutral,Neutral,P,P
109,"10/19/2018 12:00:00",USD,CHF,0.99595,0.99646,0.99648,0.99523,5152,Neutral,Neutral,P,P
110,"10/19/2018 13:00:00",USD,CHF,0.99644,0.9956,0.99647,0.99545,6034,Neutral,Neutral,P,P
111,"10/19/2018 14:00:00",USD,CHF,0.9956,0.99672,0.99674,0.99555,6166,Neutral,Neutral,P,P
112,"10/19/2018 15:00:00",USD,CHF,0.99673,0.99689,0.99699,0.99611,5942,Neutral,Neutral,P,P
113,"10/19/2018 16:00:00",USD,CHF,0.99691,0.9967,0.9977,0.99613,6470,Neutral,Neutral,P,P
114,"10/19/2018 17:00:00",USD,CHF,0.99666,0.99733,0.99773,0.99654,6244,Neutral,Neutral,P,P
115,"10/19/2018 18:00:00",USD,CHF,0.99734,0.99711,0.99755,0.99686,4869,Neutral,Neutral,P,P
116,"10/19/2018 19:00:00",USD,CHF,0.99711,0.99729,0.99751,0.9971,3364,Neutral,Neutral,P,P
117,"10/19/2018 20:00:00",USD,CHF,0.9973,0.99598,0.99736,0.99543,1713,Neutral,Neutral,P,P
118,"10/21/2018 21:00:00",USD,CHF,0.99524,0.99467,0.99703,0.99448,1376,Neutral,Neutral,P,P
119,"10/21/2018 22:00:00",USD,CHF,0.99471,0.99644,0.99654,0.99471,797,Neutral,Neutral,P,P
120,"10/21/2018 23:00:00",USD,CHF,0.99644,0.99632,0.9966,0.99624,843,Neutral,Neutral,P,P
121,"10/22/2018 00:00:00",USD,CHF,0.99631,0.99673,0.997,0.99602,2667,Neutral,Neutral,P,P
122,"10/22/2018 01:00:00",USD,CHF,0.99673,0.99654,0.99704,0.99653,2131,Neutral,Neutral,P,P
123,"10/22/2018 02:00:00",USD,CHF,0.99655,0.99683,0.99685,0.9964,1535,Neutral,Neutral,P,P
124,"10/22/2018 03:00:00",USD,CHF,0.99684,0.99605,0.99687,0.99595,1493,Neutral,Neutral,P,P
125,"10/22/2018 04:00:00",USD,CHF,0.99605,0.99647,0.99654,0.99597,1186,Neutral,Neutral,P,P
126,"10/22/2018 05:00:00",USD,CHF,0.99648,0.99675,0.99709,0.99645,1662,Neutral,Neutral,P,P
127,"10/22/2018 06:00:00",USD,CHF,0.99678,0.99606,0.99689,0.99503,4627,Neutral,Neutral,P,P
128,"10/22/2018 07:00:00",USD,CHF,0.99606,0.99465,0.99607,0.99395,4325,Neutral,Neutral,P,P
129,"10/22/2018 08:00:00",USD,CHF,0.99465,0.99693,0.99734,0.99435,4145,Neutral,Neutral,P,P
130,"10/22/2018 09:00:00",USD,CHF,0.99692,0.99766,0.99779,0.99682,2705,Neutral,Neutral,P,P
131,"10/22/2018 10:00:00",USD,CHF,0.99767,0.99729,0.99799,0.9969,3804,Neutral,Neutral,P,P
132,"10/22/2018 11:00:00",USD,CHF,0.99729,0.99705,0.99734,0.99624,4319,Neutral,Neutral,P,P
133,"10/22/2018 12:00:00",USD,CHF,0.99704,0.99666,0.99709,0.99587,5179,Neutral,Neutral,P,P
134,"10/22/2018 13:00:00",USD,CHF,0.99663,0.99596,0.99685,0.99571,5979,Neutral,Neutral,P,P
135,"10/22/2018 14:00:00",USD,CHF,0.99597,0.99677,0.9974,0.9959,5772,Neutral,Neutral,P,P
136,"10/22/2018 15:00:00",USD,CHF,0.99676,0.99638,0.99755,0.99601,4837,Neutral,Neutral,P,P
137,"10/22/2018 16:00:00",USD,CHF,0.99638,0.99673,0.99743,0.99628,4601,Neutral,Neutral,P,P
138,"10/22/2018 17:00:00",USD,CHF,0.99674,0.9956,0.99703,0.9956,3745,Neutral,Neutral,P,P
139,"10/22/2018 18:00:00",USD,CHF,0.9956,0.99606,0.99609,0.99546,2929,Neutral,Neutral,P,P
140,"10/22/2018 19:00:00",USD,CHF,0.99606,0.99619,0.99624,0.99591,2592,Neutral,Neutral,P,P
141,"10/22/2018 20:00:00",USD,CHF,0.99616,0.99563,0.99624,0.99563,1222,Neutral,Neutral,P,P
142,"10/22/2018 21:00:00",USD,CHF,0.99561,0.99594,0.99656,0.99561,2349,Neutral,Neutral,P,P
143,"10/22/2018 22:00:00",USD,CHF,0.99593,0.99604,0.99626,0.99572,1223,Neutral,Neutral,P,P
144,"10/22/2018 23:00:00",USD,CHF,0.99604,0.99605,0.99636,0.99587,1029,Neutral,Neutral,P,P
145,"10/23/2018 00:00:00",USD,CHF,0.99605,0.99628,0.99643,0.99596,1563,Neutral,Neutral,P,P
146,"10/23/2018 01:00:00",USD,CHF,0.99629,0.99625,0.99655,0.99597,1484,Neutral,Neutral,P,P
147,"10/23/2018 02:00:00",USD,CHF,0.99624,0.99673,0.99683,0.99623,1008,Neutral,Neutral,P,P
148,"10/23/2018 03:00:00",USD,CHF,0.99672,0.9964,0.9968,0.99622,1499,Neutral,Neutral,P,P
149,"10/23/2018 04:00:00",USD,CHF,0.9964,0.99628,0.99649,0.99623,1221,Neutral,Neutral,P,P
150,"10/23/2018 05:00:00",USD,CHF,0.99629,0.99634,0.99652,0.99615,1556,Neutral,Neutral,P,P
151,"10/23/2018 06:00:00",USD,CHF,0.99637,0.99566,0.997,0.99555,5504,Neutral,Neutral,P,P
152,"10/23/2018 07:00:00",USD,CHF,0.99566,0.99526,0.99622,0.99519,5692,Neutral,Neutral,P,P
153,"10/23/2018 08:00:00",USD,CHF,0.99526,0.99506,0.99658,0.99493,5192,Neutral,Neutral,P,P
154,"10/23/2018 09:00:00",USD,CHF,0.99507,0.99411,0.99525,0.99406,3978,Neutral,Neutral,P,P
155,"10/23/2018 10:00:00",USD,CHF,0.99411,0.99586,0.99586,0.99404,4042,Neutral,Neutral,P,P
156,"10/23/2018 11:00:00",USD,CHF,0.99584,0.99532,0.99615,0.99478,4667,Neutral,Neutral,P,P
157,"10/23/2018 12:00:00",USD,CHF,0.99532,0.9959,0.99628,0.99472,5049,Neutral,Neutral,P,P
158,"10/23/2018 13:00:00",USD,CHF,0.99591,0.99477,0.99595,0.9945,6031,Neutral,Neutral,P,P
159,"10/23/2018 14:00:00",USD,CHF,0.99478,0.99512,0.99575,0.99458,6195,Neutral,Neutral,P,P
160,"10/23/2018 15:00:00",USD,CHF,0.99514,0.99429,0.99528,0.99398,5840,Neutral,Neutral,P,P
161,"10/23/2018 16:00:00",USD,CHF,0.99429,0.99474,0.99506,0.99378,5465,Neutral,Neutral,P,P
162,"10/23/2018 17:00:00",USD,CHF,0.99474,0.99421,0.99494,0.99402,5123,Neutral,Neutral,P,P
163,"10/23/2018 18:00:00",USD,CHF,0.99421,0.99572,0.99588,0.99375,6573,Neutral,Neutral,P,P
164,"10/23/2018 19:00:00",USD,CHF,0.99575,0.99507,0.99578,0.99499,3388,Neutral,Neutral,P,P
165,"10/23/2018 20:00:00",USD,CHF,0.99507,0.99476,0.99528,0.99467,1010,Neutral,Neutral,P,P
166,"10/23/2018 21:00:00",USD,CHF,0.99472,0.99478,0.9951,0.99465,1368,Neutral,Neutral,P,P
167,"10/23/2018 22:00:00",USD,CHF,0.99478,0.99444,0.99513,0.99442,1013,Neutral,Neutral,P,P
168,"10/23/2018 23:00:00",USD,CHF,0.99445,0.99483,0.99504,0.99432,1440,Neutral,Neutral,P,P
169,"10/24/2018 00:00:00",USD,CHF,0.99484,0.99544,0.99545,0.99462,1826,Neutral,Neutral,P,P
170,"10/24/2018 01:00:00",USD,CHF,0.99546,0.9956,0.99563,0.99486,2060,Neutral,Neutral,P,P
171,"10/24/2018 02:00:00",USD,CHF,0.9956,0.99503,0.99567,0.99479,2014,Neutral,Neutral,P,P
172,"10/24/2018 03:00:00",USD,CHF,0.99503,0.99519,0.99532,0.99473,1588,Neutral,Neutral,P,P
173,"10/24/2018 04:00:00",USD,CHF,0.9952,0.99487,0.99524,0.99481,1359,Neutral,Neutral,P,P
174,"10/24/2018 05:00:00",USD,CHF,0.99487,0.99533,0.99537,0.99485,1669,Neutral,Neutral,P,P
175,"10/24/2018 06:00:00",USD,CHF,0.99533,0.99495,0.99572,0.99465,4334,Neutral,Neutral,P,P
176,"10/24/2018 07:00:00",USD,CHF,0.99496,0.99662,0.99693,0.99415,6491,Neutral,Neutral,P,P
177,"10/24/2018 08:00:00",USD,CHF,0.99663,0.9972,0.99752,0.99626,5791,Neutral,Neutral,P,P
178,"10/24/2018 09:00:00",USD,CHF,0.9972,0.9969,0.99727,0.99661,3878,Neutral,Neutral,P,P
179,"10/24/2018 10:00:00",USD,CHF,0.9969,0.9967,0.99762,0.99647,4580,Neutral,Neutral,P,P
180,"10/24/2018 11:00:00",USD,CHF,0.9967,0.99796,0.99808,0.99656,4590,Neutral,Neutral,P,P
181,"10/24/2018 12:00:00",USD,CHF,0.99796,0.99792,0.99884,0.99758,5712,Neutral,Neutral,P,P
182,"10/24/2018 13:00:00",USD,CHF,0.99792,0.99846,0.99858,0.99771,4412,Neutral,Neutral,P,P
183,"10/24/2018 14:00:00",USD,CHF,0.99845,0.99782,0.99847,0.99651,6347,Neutral,Neutral,P,P
184,"10/24/2018 15:00:00",USD,CHF,0.99781,0.99817,0.99835,0.99677,5961,Neutral,Neutral,P,P
185,"10/24/2018 16:00:00",USD,CHF,0.99817,0.9977,0.99832,0.99703,6955,Neutral,Neutral,P,P
186,"10/24/2018 17:00:00",USD,CHF,0.9977,0.99724,0.99892,0.99724,6735,Neutral,Neutral,P,P
187,"10/24/2018 18:00:00",USD,CHF,0.99723,0.99721,0.99791,0.9971,4964,Neutral,Neutral,P,P
188,"10/24/2018 19:00:00",USD,CHF,0.99721,0.99689,0.99761,0.99666,6258,Neutral,Neutral,P,P
189,"10/24/2018 20:00:00",USD,CHF,0.99689,0.99778,0.99785,0.99689,1771,Neutral,Neutral,P,P
190,"10/24/2018 21:00:00",USD,CHF,0.99777,0.99723,0.99777,0.99606,1562,Neutral,Neutral,P,P
191,"10/24/2018 22:00:00",USD,CHF,0.9972,0.99699,0.99736,0.99673,634,Neutral,Neutral,P,P
192,"10/24/2018 23:00:00",USD,CHF,0.99701,0.9968,0.99738,0.99668,1457,Neutral,Neutral,P,P
193,"10/25/2018 00:00:00",USD,CHF,0.9968,0.99669,0.99708,0.99661,2726,Neutral,Neutral,P,P
194,"10/25/2018 01:00:00",USD,CHF,0.99669,0.99614,0.99684,0.99603,1991,Neutral,Neutral,P,P
195,"10/25/2018 02:00:00",USD,CHF,0.99614,0.99614,0.99654,0.99602,1415,Neutral,Neutral,P,P
196,"10/25/2018 03:00:00",USD,CHF,0.99615,0.99604,0.99622,0.99602,1067,Neutral,Neutral,P,P
197,"10/25/2018 04:00:00",USD,CHF,0.99604,0.99629,0.99663,0.99601,2074,Neutral,Neutral,P,P
198,"10/25/2018 05:00:00",USD,CHF,0.99629,0.99574,0.99654,0.99561,1787,Neutral,Neutral,P,P
199,"10/25/2018 06:00:00",USD,CHF,0.99579,0.99644,0.99687,0.99546,4401,Neutral,Neutral,P,P
200,"10/25/2018 07:00:00",USD,CHF,0.99643,0.99826,0.99843,0.99623,5505,Neutral,Neutral,P,P
201,"10/25/2018 08:00:00",USD,CHF,0.99826,0.99781,0.99876,0.9977,4541,Neutral,Neutral,P,P
202,"10/25/2018 09:00:00",USD,CHF,0.99782,0.99845,0.99857,0.99732,4066,Neutral,Neutral,P,P
203,"10/25/2018 10:00:00",USD,CHF,0.99842,0.99916,0.99944,0.99798,2785,Neutral,Neutral,P,P
204,"10/25/2018 11:00:00",USD,CHF,0.99916,0.99919,0.99991,0.99915,3388,Neutral,Neutral,P,P
205,"10/25/2018 12:00:00",USD,CHF,0.99919,0.99839,0.99973,0.99832,6797,Neutral,Neutral,P,P
206,"10/25/2018 13:00:00",USD,CHF,0.99839,1.00125,1.00157,0.99808,8088,Neutral,Neutral,P,P
207,"10/25/2018 14:00:00",USD,CHF,1.00125,1.00131,1.00174,1.00037,6318,Neutral,Neutral,P,P
208,"10/25/2018 15:00:00",USD,CHF,1.00131,1.00085,1.00177,1.00085,5408,Neutral,Neutral,P,P
209,"10/25/2018 16:00:00",USD,CHF,1.00086,1.00006,1.00114,0.99977,4782,Neutral,Neutral,P,P
210,"10/25/2018 17:00:00",USD,CHF,1.00007,1.00076,1.00079,0.99981,3617,Neutral,Neutral,P,P
211,"10/25/2018 18:00:00",USD,CHF,1.00076,1.00013,1.00126,1.00013,3547,Neutral,Neutral,P,P
212,"10/25/2018 19:00:00",USD,CHF,1.0001,0.99964,1.00084,0.99964,3778,Neutral,Neutral,P,P
213,"10/25/2018 20:00:00",USD,CHF,0.99964,0.99897,0.99988,0.99896,1735,Neutral,Neutral,P,P
214,"10/25/2018 21:00:00",USD,CHF,0.9988,0.99978,0.99995,0.99857,2395,Neutral,Neutral,P,P
215,"10/25/2018 22:00:00",USD,CHF,0.99978,0.99961,0.9998,0.99926,869,Neutral,Neutral,P,P
216,"10/25/2018 23:00:00",USD,CHF,0.99961,0.99974,1.00011,0.99943,2808,Neutral,Neutral,P,P
217,"10/26/2018 00:00:00",USD,CHF,0.99973,1.00063,1.00064,0.99918,3222,Neutral,Neutral,P,P
218,"10/26/2018 01:00:00",USD,CHF,1.00064,1.0003,1.00075,0.99997,2674,Neutral,Neutral,P,P
219,"10/26/2018 02:00:00",USD,CHF,1.00028,0.99978,1.0006,0.99977,2604,Neutral,Neutral,P,P
220,"10/26/2018 03:00:00",USD,CHF,0.99978,0.99989,1.00069,0.99969,4390,Neutral,Neutral,P,P
221,"10/26/2018 04:00:00",USD,CHF,0.99989,1,1.00045,0.99985,3151,Neutral,Neutral,P,P
222,"10/26/2018 05:00:00",USD,CHF,1.00002,1.00012,1.00056,0.99977,3881,Neutral,Neutral,P,P
223,"10/26/2018 06:00:00",USD,CHF,1.00012,0.99954,1.0003,0.99928,4240,Neutral,Neutral,P,P
224,"10/26/2018 07:00:00",USD,CHF,0.99955,0.99941,0.99982,0.99831,5352,Neutral,Neutral,P,P
225,"10/26/2018 08:00:00",USD,CHF,0.99943,1.00025,1.00051,0.99934,4295,Neutral,Neutral,P,P
226,"10/26/2018 09:00:00",USD,CHF,1.00024,1.00077,1.00116,0.99993,4783,Neutral,Neutral,P,P
227,"10/26/2018 10:00:00",USD,CHF,1.00077,1.0008,1.00103,1.0002,4272,Neutral,Neutral,P,P
228,"10/26/2018 11:00:00",USD,CHF,1.00081,1.00231,1.00241,1.0006,4679,Neutral,Neutral,P,P
229,"10/26/2018 12:00:00",USD,CHF,1.00231,1.00238,1.00263,1.00149,4737,Neutral,Neutral,P,P
230,"10/26/2018 13:00:00",USD,CHF,1.00238,1.00074,1.00238,1.00073,5543,Neutral,Neutral,P,P
231,"10/26/2018 14:00:00",USD,CHF,1.00074,0.99782,1.00092,0.9975,7815,Neutral,Neutral,P,P
232,"10/26/2018 15:00:00",USD,CHF,0.9978,0.99792,0.99856,0.99737,7539,Neutral,Neutral,P,P
233,"10/26/2018 16:00:00",USD,CHF,0.99791,0.99833,0.99876,0.99683,7790,Neutral,Neutral,P,P
234,"10/26/2018 17:00:00",USD,CHF,0.99834,0.99821,0.99864,0.99706,6607,Neutral,Neutral,P,P
235,"10/26/2018 18:00:00",USD,CHF,0.99821,0.99704,0.99827,0.99681,5744,Neutral,Neutral,P,P
236,"10/26/2018 19:00:00",USD,CHF,0.99704,0.99727,0.99749,0.99668,5184,Neutral,Neutral,P,P
237,"10/26/2018 20:00:00",USD,CHF,0.99727,0.99691,0.99727,0.99632,1298,Neutral,Neutral,P,P
238,"10/28/2018 21:00:00",USD,CHF,0.99716,0.99672,0.99845,0.99656,4996,Neutral,Neutral,P,P
239,"10/28/2018 22:00:00",USD,CHF,0.99684,0.99716,0.9976,0.99641,2140,Neutral,Neutral,P,P
240,"10/28/2018 23:00:00",USD,CHF,0.9972,0.99764,0.99766,0.99716,1034,Neutral,Neutral,P,P
241,"10/29/2018 00:00:00",USD,CHF,0.99762,0.99791,0.99824,0.99758,2188,Neutral,Neutral,P,P
242,"10/29/2018 01:00:00",USD,CHF,0.99791,0.99821,0.99848,0.99788,1740,Neutral,Neutral,P,P
243,"10/29/2018 02:00:00",USD,CHF,0.99821,0.99846,0.99865,0.99811,1360,Neutral,Neutral,P,P
244,"10/29/2018 03:00:00",USD,CHF,0.99847,0.99779,0.99851,0.99778,1274,Neutral,Neutral,P,P
245,"10/29/2018 04:00:00",USD,CHF,0.9978,0.9982,0.99824,0.9977,1672,Neutral,Neutral,P,P
246,"10/29/2018 05:00:00",USD,CHF,0.99821,0.99805,0.99823,0.99789,1494,Neutral,Neutral,P,P
247,"10/29/2018 06:00:00",USD,CHF,0.99806,0.99833,0.99833,0.9978,2058,Neutral,Neutral,P,P
248,"10/29/2018 07:00:00",USD,CHF,0.99836,0.99798,0.99839,0.99748,2918,Neutral,Neutral,P,P
249,"10/29/2018 08:00:00",USD,CHF,0.99797,0.99956,0.99986,0.99756,4471,Neutral,Neutral,P,P
250,"10/29/2018 09:00:00",USD,CHF,0.99956,1.00015,1.00087,0.99942,5574,Neutral,Neutral,P,P
251,"10/29/2018 10:00:00",USD,CHF,1.00015,0.99986,1.00016,0.99844,4825,Neutral,Neutral,P,P
252,"10/29/2018 11:00:00",USD,CHF,0.99986,0.99954,0.99986,0.99857,4369,Neutral,Neutral,P,P
253,"10/29/2018 12:00:00",USD,CHF,0.99956,1.00012,1.00057,0.99937,5014,Neutral,Neutral,P,P
254,"10/29/2018 13:00:00",USD,CHF,1.00012,1.00045,1.00076,0.99997,5250,Neutral,Neutral,P,P
255,"10/29/2018 14:00:00",USD,CHF,1.00045,0.99991,1.00093,0.99989,4889,Neutral,Neutral,P,P
256,"10/29/2018 15:00:00",USD,CHF,0.99992,1.0006,1.00076,0.99919,6124,Neutral,Neutral,P,P
257,"10/29/2018 16:00:00",USD,CHF,1.00061,1.00191,1.00241,1.00018,5886,Neutral,Neutral,P,P
258,"10/29/2018 17:00:00",USD,CHF,1.00189,1.00135,1.00229,1.00131,5659,Neutral,Neutral,P,P
259,"10/29/2018 18:00:00",USD,CHF,1.00135,1.00115,1.00154,1.00057,5000,Neutral,Neutral,P,P
260,"10/29/2018 19:00:00",USD,CHF,1.00117,1.00175,1.00182,1.00088,6672,Neutral,Neutral,P,P
261,"10/29/2018 20:00:00",USD,CHF,1.00174,1.00177,1.00193,1.00127,1709,Neutral,Neutral,P,P
262,"10/29/2018 21:00:00",USD,CHF,1.00176,1.00191,1.00212,1.00145,3622,Neutral,Neutral,P,P
263,"10/29/2018 22:00:00",USD,CHF,1.0019,1.00174,1.00203,1.00166,3750,Neutral,Neutral,P,P
264,"10/29/2018 23:00:00",USD,CHF,1.00174,1.00172,1.00189,1.0016,1893,Neutral,Neutral,P,P
265,"10/30/2018 00:00:00",USD,CHF,1.00174,1.00184,1.00202,1.00149,2416,Neutral,Neutral,P,P
266,"10/30/2018 01:00:00",USD,CHF,1.00185,1.00205,1.00229,1.0016,2161,Neutral,Neutral,P,P
267,"10/30/2018 02:00:00",USD,CHF,1.00207,1.00194,1.00208,1.0016,2135,Neutral,Neutral,P,P
268,"10/30/2018 03:00:00",USD,CHF,1.00194,1.00203,1.00216,1.00189,1729,Neutral,Neutral,P,P
269,"10/30/2018 04:00:00",USD,CHF,1.00202,1.002,1.00233,1.00186,1603,Neutral,Neutral,P,P
270,"10/30/2018 05:00:00",USD,CHF,1.00199,1.00169,1.00212,1.00166,1532,Neutral,Neutral,P,P
271,"10/30/2018 06:00:00",USD,CHF,1.00167,1.00145,1.00211,1.00145,1907,Neutral,Neutral,P,P
272,"10/30/2018 07:00:00",USD,CHF,1.00146,1.00301,1.00306,1.00079,4715,Neutral,Neutral,P,P
273,"10/30/2018 08:00:00",USD,CHF,1.00302,1.00281,1.00334,1.00229,4739,Neutral,Neutral,P,P
274,"10/30/2018 09:00:00",USD,CHF,1.00282,1.00211,1.00292,1.00179,4849,Neutral,Neutral,P,P
275,"10/30/2018 10:00:00",USD,CHF,1.00212,1.0025,1.0028,1.00191,4203,Neutral,Neutral,P,P
276,"10/30/2018 11:00:00",USD,CHF,1.00251,1.00266,1.00276,1.00173,4475,Neutral,Neutral,P,P
277,"10/30/2018 12:00:00",USD,CHF,1.00267,1.00131,1.0027,1.00123,4815,Neutral,Neutral,P,P
278,"10/30/2018 13:00:00",USD,CHF,1.0013,1.00277,1.00299,1.00088,7079,Neutral,Neutral,P,P
279,"10/30/2018 14:00:00",USD,CHF,1.00276,1.00306,1.00362,1.00216,6373,Neutral,Neutral,P,P
280,"10/30/2018 15:00:00",USD,CHF,1.00307,1.00461,1.0051,1.00286,5749,Neutral,Neutral,P,P
281,"10/30/2018 16:00:00",USD,CHF,1.00462,1.0045,1.00466,1.00358,4675,Neutral,Neutral,P,P
282,"10/30/2018 17:00:00",USD,CHF,1.00448,1.00465,1.00501,1.00413,4050,Neutral,Neutral,P,P
283,"10/30/2018 18:00:00",USD,CHF,1.00463,1.00516,1.00518,1.00431,3589,Neutral,Neutral,P,P
284,"10/30/2018 19:00:00",USD,CHF,1.00516,1.00495,1.00516,1.0047,2634,Neutral,Neutral,P,P
285,"10/30/2018 20:00:00",USD,CHF,1.00495,1.00516,1.00522,1.00474,916,Neutral,Neutral,P,P
286,"10/30/2018 21:00:00",USD,CHF,1.00511,1.00519,1.00531,1.00492,562,Neutral,Neutral,P,P
287,"10/30/2018 22:00:00",USD,CHF,1.00519,1.00522,1.00551,1.00501,518,Neutral,Neutral,P,P
288,"10/30/2018 23:00:00",USD,CHF,1.00518,1.00517,1.00528,1.00507,629,Neutral,Neutral,P,P
289,"10/31/2018 00:00:00",USD,CHF,1.00518,1.00538,1.00574,1.00507,2239,Neutral,Neutral,P,P
290,"10/31/2018 01:00:00",USD,CHF,1.00538,1.00525,1.00565,1.00498,2950,Neutral,Neutral,P,P
291,"10/31/2018 02:00:00",USD,CHF,1.00526,1.00526,1.00537,1.00486,1557,Neutral,Neutral,P,P
292,"10/31/2018 03:00:00",USD,CHF,1.00526,1.00537,1.00557,1.00514,1861,Neutral,Neutral,P,P
293,"10/31/2018 04:00:00",USD,CHF,1.00536,1.00508,1.00557,1.00501,1613,Neutral,Neutral,P,P
294,"10/31/2018 05:00:00",USD,CHF,1.00507,1.00502,1.00528,1.00473,2163,Neutral,Neutral,P,P
295,"10/31/2018 06:00:00",USD,CHF,1.00503,1.00507,1.00534,1.00483,2581,Neutral,Neutral,P,P
296,"10/31/2018 07:00:00",USD,CHF,1.00507,1.00532,1.00553,1.0047,4090,Neutral,Neutral,P,P
297,"10/31/2018 08:00:00",USD,CHF,1.00531,1.00368,1.00541,1.00338,4800,Neutral,Neutral,P,P
298,"10/31/2018 09:00:00",USD,CHF,1.00367,1.00574,1.00593,1.00367,4017,Neutral,Neutral,P,P
299,"10/31/2018 10:00:00",USD,CHF,1.00574,1.00582,1.00614,1.00545,3752,Neutral,Neutral,P,P
300,"10/31/2018 11:00:00",USD,CHF,1.00582,1.00527,1.00598,1.00445,3931,Neutral,Neutral,P,P
301,"10/31/2018 12:00:00",USD,CHF,1.00526,1.00678,1.00681,1.00491,5293,Neutral,Neutral,P,P
302,"10/31/2018 13:00:00",USD,CHF,1.00678,1.00644,1.00761,1.00604,5161,Neutral,Neutral,P,P
303,"10/31/2018 14:00:00",USD,CHF,1.00647,1.00547,1.00658,1.00539,5421,Neutral,Neutral,P,P
304,"10/31/2018 15:00:00",USD,CHF,1.00549,1.00573,1.00579,1.00334,7964,Neutral,Neutral,P,P
305,"10/31/2018 16:00:00",USD,CHF,1.00573,1.00812,1.00835,1.00559,5777,Neutral,Neutral,P,P
306,"10/31/2018 17:00:00",USD,CHF,1.00812,1.00919,1.00945,1.00799,5483,Neutral,Neutral,P,P
307,"10/31/2018 18:00:00",USD,CHF,1.00919,1.00832,1.00921,1.00798,4129,Neutral,Neutral,P,P
308,"10/31/2018 19:00:00",USD,CHF,1.00832,1.00706,1.00832,1.00705,4804,Neutral,Neutral,P,P
309,"10/31/2018 20:00:00",USD,CHF,1.0071,1.00845,1.00855,1.00708,1725,Neutral,Neutral,P,P
310,"10/31/2018 21:00:00",USD,CHF,1.00839,1.00776,1.00892,1.00761,1826,Neutral,Neutral,P,P
311,"10/31/2018 22:00:00",USD,CHF,1.00785,1.00815,1.00851,1.00761,1842,Neutral,Neutral,P,P
312,"10/31/2018 23:00:00",USD,CHF,1.00814,1.00806,1.00817,1.00792,962,Neutral,Neutral,P,P
313,"11/01/2018 00:00:00",USD,CHF,1.00806,1.00757,1.00826,1.00742,4165,Neutral,Neutral,P,P
314,"11/01/2018 01:00:00",USD,CHF,1.00755,1.00686,1.00757,1.0068,3815,Neutral,Neutral,P,P
315,"11/01/2018 02:00:00",USD,CHF,1.00689,1.0068,1.00717,1.00665,2830,Neutral,Neutral,P,P
316,"11/01/2018 03:00:00",USD,CHF,1.00681,1.00635,1.00691,1.00602,2471,Neutral,Neutral,P,P
317,"11/01/2018 04:00:00",USD,CHF,1.00637,1.00645,1.00665,1.00626,1390,Neutral,Neutral,P,P
318,"11/01/2018 05:00:00",USD,CHF,1.00644,1.00643,1.00667,1.00611,1905,Neutral,Neutral,P,P
319,"11/01/2018 06:00:00",USD,CHF,1.00643,1.00563,1.00665,1.00557,3420,Neutral,Neutral,P,P
320,"11/01/2018 07:00:00",USD,CHF,1.00565,1.00524,1.00578,1.0046,5462,Neutral,Neutral,P,P
321,"11/01/2018 08:00:00",USD,CHF,1.00524,1.0029,1.00571,1.00289,5166,Neutral,Neutral,P,P
322,"11/01/2018 09:00:00",USD,CHF,1.0029,1.00367,1.00374,1.00271,4791,Neutral,Neutral,P,P
323,"11/01/2018 10:00:00",USD,CHF,1.00368,1.00373,1.00413,1.00309,4885,Neutral,Neutral,P,P
324,"11/01/2018 11:00:00",USD,CHF,1.00373,1.00305,1.00379,1.00215,5530,Neutral,Neutral,P,P
325,"11/01/2018 12:00:00",USD,CHF,1.00306,1.00345,1.00351,1.00252,5628,Neutral,Neutral,P,P
326,"11/01/2018 13:00:00",USD,CHF,1.00345,1.00356,1.00411,1.00299,4763,Neutral,Neutral,P,P
327,"11/01/2018 14:00:00",USD,CHF,1.00356,1.00229,1.00403,1.00202,5881,Neutral,Neutral,P,P
328,"11/01/2018 15:00:00",USD,CHF,1.00228,1.00326,1.00347,1.00003,5844,Neutral,Neutral,P,P
329,"11/01/2018 16:00:00",USD,CHF,1.00329,1.00231,1.00352,1.00218,4588,Neutral,Neutral,P,P
330,"11/01/2018 17:00:00",USD,CHF,1.00229,1.00118,1.00249,1.00059,5652,Neutral,Neutral,P,P
331,"11/01/2018 18:00:00",USD,CHF,1.00118,1.00186,1.00231,1.00104,3695,Neutral,Neutral,P,P
332,"11/01/2018 19:00:00",USD,CHF,1.00188,1.00196,1.00254,1.00178,2767,Neutral,Neutral,P,P
333,"11/01/2018 20:00:00",USD,CHF,1.00196,1.00201,1.00233,1.00187,1472,Neutral,Neutral,P,P
334,"11/01/2018 21:00:00",USD,CHF,1.00201,1.00227,1.00266,1.00026,2061,Neutral,Neutral,P,P
335,"11/01/2018 22:00:00",USD,CHF,1.00225,1.00226,1.00245,1.00187,1305,Neutral,Neutral,P,P
336,"11/01/2018 23:00:00",USD,CHF,1.00227,1.00211,1.00242,1.00207,1013,Neutral,Neutral,P,P
337,"11/02/2018 00:00:00",USD,CHF,1.00215,1.00232,1.00251,1.00208,2422,Neutral,Neutral,P,P
338,"11/02/2018 01:00:00",USD,CHF,1.00236,1.00242,1.00269,1.0021,2142,Neutral,Neutral,P,P
339,"11/02/2018 02:00:00",USD,CHF,1.00241,1.00198,1.00243,1.00189,1823,Neutral,Neutral,P,P
340,"11/02/2018 03:00:00",USD,CHF,1.00199,1.0017,1.00214,1.00167,1403,Neutral,Neutral,P,P
341,"11/02/2018 04:00:00",USD,CHF,1.00172,1.00142,1.00192,1.00111,3046,Neutral,Neutral,P,P
342,"11/02/2018 05:00:00",USD,CHF,1.00139,1.00141,1.00223,1.00119,4811,Neutral,Neutral,P,P
343,"11/02/2018 06:00:00",USD,CHF,1.00141,1.00183,1.00189,1.00118,3031,Neutral,Neutral,P,P
344,"11/02/2018 07:00:00",USD,CHF,1.00183,1.00069,1.00196,1.00048,5316,Neutral,Neutral,P,P
345,"11/02/2018 08:00:00",USD,CHF,1.0007,1.00043,1.00105,1.0001,5297,Neutral,Neutral,P,P
346,"11/02/2018 09:00:00",USD,CHF,1.00042,0.9994,1.00073,0.99903,3973,Neutral,Neutral,P,P
347,"11/02/2018 10:00:00",USD,CHF,0.9994,0.99751,0.99958,0.99718,4194,Neutral,Neutral,P,P
348,"11/02/2018 11:00:00",USD,CHF,0.9975,0.99715,0.99778,0.99679,3236,Neutral,Neutral,P,P
349,"11/02/2018 12:00:00",USD,CHF,0.99714,1.00019,1.00029,0.99697,7199,Neutral,Neutral,P,P
350,"11/02/2018 13:00:00",USD,CHF,1.00021,1.00055,1.00132,0.99986,6322,Neutral,Neutral,P,P
351,"11/02/2018 14:00:00",USD,CHF,1.00055,1.00091,1.00115,0.99995,7082,Neutral,Neutral,P,P
352,"11/02/2018 15:00:00",USD,CHF,1.00091,1.00353,1.00391,1.00083,9006,Neutral,Neutral,P,P
353,"11/02/2018 16:00:00",USD,CHF,1.00354,1.00291,1.00376,1.00252,5105,Neutral,Neutral,P,P
354,"11/02/2018 17:00:00",USD,CHF,1.0029,1.00384,1.00439,1.00276,4444,Neutral,Neutral,P,P
355,"11/02/2018 18:00:00",USD,CHF,1.00386,1.00476,1.00483,1.00357,4435,Neutral,Neutral,P,P
356,"11/02/2018 19:00:00",USD,CHF,1.00475,1.00326,1.00475,1.00323,3504,Neutral,Neutral,P,P
357,"11/02/2018 20:00:00",USD,CHF,1.00324,1.00318,1.0038,1.00318,870,Neutral,Neutral,P,P
358,"11/04/2018 22:00:00",USD,CHF,1.00293,1.00269,1.00301,1.00232,4093,Neutral,Neutral,P,P
359,"11/04/2018 23:00:00",USD,CHF,1.00267,1.00239,1.00312,1.00238,1195,Neutral,Neutral,P,P
360,"11/05/2018 00:00:00",USD,CHF,1.00239,1.00313,1.00325,1.00239,1695,Neutral,Neutral,P,P
361,"11/05/2018 01:00:00",USD,CHF,1.00315,1.0037,1.0038,1.00313,2048,Neutral,Neutral,P,P
362,"11/05/2018 02:00:00",USD,CHF,1.0037,1.00419,1.00426,1.00357,1773,Neutral,Neutral,P,P
363,"11/05/2018 03:00:00",USD,CHF,1.00418,1.00446,1.00448,1.00407,1394,Neutral,Neutral,P,P
364,"11/05/2018 04:00:00",USD,CHF,1.00446,1.00448,1.00457,1.00425,1366,Neutral,Neutral,P,P
365,"11/05/2018 05:00:00",USD,CHF,1.00448,1.00414,1.00458,1.00397,1769,Neutral,Neutral,P,P
366,"11/05/2018 06:00:00",USD,CHF,1.00415,1.00425,1.00429,1.0037,2528,Neutral,Neutral,P,P
367,"11/05/2018 07:00:00",USD,CHF,1.00424,1.00411,1.00443,1.00314,3495,Neutral,Neutral,P,P
368,"11/05/2018 08:00:00",USD,CHF,1.0041,1.00472,1.00488,1.00351,4407,Neutral,Neutral,P,P
369,"11/05/2018 09:00:00",USD,CHF,1.0047,1.00491,1.00532,1.00448,3206,Neutral,Neutral,P,P
370,"11/05/2018 10:00:00",USD,CHF,1.00492,1.00458,1.00531,1.0043,3103,Neutral,Neutral,P,P
371,"11/05/2018 11:00:00",USD,CHF,1.00457,1.0062,1.00688,1.00446,3282,Neutral,Neutral,P,P
372,"11/05/2018 12:00:00",USD,CHF,1.00619,1.00653,1.00686,1.00583,3912,Neutral,Neutral,P,P
373,"11/05/2018 13:00:00",USD,CHF,1.00653,1.0051,1.00653,1.00506,3910,Neutral,Neutral,P,P
374,"11/05/2018 14:00:00",USD,CHF,1.0051,1.00426,1.00518,1.00396,4302,Neutral,Neutral,P,P
375,"11/05/2018 15:00:00",USD,CHF,1.00438,1.00522,1.00526,1.00356,5971,Neutral,Neutral,P,P
376,"11/05/2018 16:00:00",USD,CHF,1.00524,1.00555,1.00555,1.00455,3741,Neutral,Neutral,P,P
377,"11/05/2018 17:00:00",USD,CHF,1.00555,1.00479,1.00565,1.00454,2719,Neutral,Neutral,P,P
378,"11/05/2018 18:00:00",USD,CHF,1.00479,1.00311,1.00488,1.003,4032,Neutral,Neutral,P,P
379,"11/05/2018 19:00:00",USD,CHF,1.00311,1.0038,1.00425,1.0031,3780,Neutral,Neutral,P,P
380,"11/05/2018 20:00:00",USD,CHF,1.0038,1.00426,1.00443,1.00379,2744,Neutral,Neutral,P,P
381,"11/05/2018 21:00:00",USD,CHF,1.00428,1.00437,1.00459,1.00412,933,Neutral,Neutral,P,P
382,"11/05/2018 22:00:00",USD,CHF,1.00436,1.00414,1.00457,1.0035,1334,Neutral,Neutral,P,P
383,"11/05/2018 23:00:00",USD,CHF,1.0042,1.0044,1.00451,1.00411,669,Neutral,Neutral,P,P
384,"11/06/2018 00:00:00",USD,CHF,1.00439,1.00432,1.00456,1.00417,2251,Neutral,Neutral,P,P
385,"11/06/2018 01:00:00",USD,CHF,1.00431,1.00464,1.00487,1.00423,2185,Neutral,Neutral,P,P
386,"11/06/2018 02:00:00",USD,CHF,1.00464,1.00458,1.00484,1.00437,2109,Neutral,Neutral,P,P
387,"11/06/2018 03:00:00",USD,CHF,1.00457,1.00484,1.00495,1.00456,1375,Neutral,Neutral,P,P
388,"11/06/2018 04:00:00",USD,CHF,1.00486,1.00531,1.00552,1.00486,2404,Neutral,Neutral,P,P
389,"11/06/2018 05:00:00",USD,CHF,1.00531,1.00436,1.00533,1.00434,1915,Neutral,Neutral,P,P
390,"11/06/2018 06:00:00",USD,CHF,1.00436,1.00403,1.00499,1.004,2602,Neutral,Neutral,P,P
391,"11/06/2018 07:00:00",USD,CHF,1.00401,1.00389,1.00457,1.00364,2993,Neutral,Neutral,P,P
392,"11/06/2018 08:00:00",USD,CHF,1.00387,1.00381,1.00457,1.00334,3952,Neutral,Neutral,P,P
393,"11/06/2018 09:00:00",USD,CHF,1.00381,1.00463,1.00471,1.00355,3250,Neutral,Neutral,P,P
394,"11/06/2018 10:00:00",USD,CHF,1.00464,1.00435,1.00507,1.00424,3975,Neutral,Neutral,P,P
395,"11/06/2018 11:00:00",USD,CHF,1.00435,1.00403,1.00471,1.00402,2993,Neutral,Neutral,P,P
396,"11/06/2018 12:00:00",USD,CHF,1.00401,1.00331,1.00424,1.00321,3493,Neutral,Neutral,P,P
397,"11/06/2018 13:00:00",USD,CHF,1.00329,1.00247,1.00329,1.00222,4355,Neutral,Neutral,P,P
398,"11/06/2018 14:00:00",USD,CHF,1.00246,1.0036,1.00373,1.00236,4133,Neutral,Neutral,P,P
399,"11/06/2018 15:00:00",USD,CHF,1.0036,1.00388,1.00391,1.00292,4210,Neutral,Neutral,P,P
400,"11/06/2018 16:00:00",USD,CHF,1.00389,1.00417,1.00419,1.00323,4600,Neutral,Neutral,P,P
401,"11/06/2018 17:00:00",USD,CHF,1.00417,1.00361,1.00424,1.00342,3245,Neutral,Neutral,P,P
402,"11/06/2018 18:00:00",USD,CHF,1.00361,1.00361,1.00415,1.00341,3406,Neutral,Neutral,P,P
403,"11/06/2018 19:00:00",USD,CHF,1.00362,1.0032,1.00362,1.00298,2940,Neutral,Neutral,P,P
404,"11/06/2018 20:00:00",USD,CHF,1.00321,1.0029,1.0033,1.00283,1673,Neutral,Neutral,P,P
405,"11/06/2018 21:00:00",USD,CHF,1.0029,1.00243,1.00301,1.00222,1321,Neutral,Neutral,P,P
406,"11/06/2018 22:00:00",USD,CHF,1.00243,1.0028,1.00307,1.00188,2049,Neutral,Neutral,P,P
407,"11/06/2018 23:00:00",USD,CHF,1.00281,1.00126,1.00311,1.00125,2063,Neutral,Neutral,P,P
408,"11/07/2018 00:00:00",USD,CHF,1.00129,0.99914,1.00181,0.99913,4533,Neutral,Neutral,P,P
409,"11/07/2018 01:00:00",USD,CHF,0.99913,1.00368,1.00443,0.9988,7205,Neutral,Neutral,P,P
410,"11/07/2018 02:00:00",USD,CHF,1.00369,1.00139,1.00504,1.00139,6350,Neutral,Neutral,P,P
411,"11/07/2018 03:00:00",USD,CHF,1.00136,0.99986,1.00192,0.99986,4932,Neutral,Neutral,P,P
412,"11/07/2018 04:00:00",USD,CHF,0.99986,1.00021,1.00038,0.999,3313,Neutral,Neutral,P,P
413,"11/07/2018 05:00:00",USD,CHF,1.00022,1.00045,1.001,0.99965,2872,Neutral,Neutral,P,P
414,"11/07/2018 06:00:00",USD,CHF,1.00045,1.00167,1.00191,1.00024,2905,Neutral,Neutral,P,P
415,"11/07/2018 07:00:00",USD,CHF,1.00166,1.00015,1.00175,0.99957,5194,Neutral,Neutral,P,P
416,"11/07/2018 08:00:00",USD,CHF,1.00015,0.9988,1.00073,0.99868,5989,Neutral,Neutral,P,P
417,"11/07/2018 09:00:00",USD,CHF,0.9988,0.99659,0.99881,0.99622,4513,Neutral,Neutral,P,P
418,"11/07/2018 10:00:00",USD,CHF,0.99659,0.99537,0.99667,0.99524,3911,Neutral,Neutral,P,P
419,"11/07/2018 11:00:00",USD,CHF,0.9954,0.99604,0.99606,0.99522,3868,Neutral,Neutral,P,P
420,"11/07/2018 12:00:00",USD,CHF,0.99604,0.9963,0.99732,0.99593,4073,Neutral,Neutral,P,P
421,"11/07/2018 13:00:00",USD,CHF,0.99629,0.99693,0.99696,0.99584,4700,Neutral,Neutral,P,P
422,"11/07/2018 14:00:00",USD,CHF,0.99693,0.99779,0.99846,0.99693,5211,Neutral,Neutral,P,P
423,"11/07/2018 15:00:00",USD,CHF,0.99779,0.9994,0.99961,0.99705,5638,Neutral,Neutral,P,P
424,"11/07/2018 16:00:00",USD,CHF,0.99942,0.99992,0.99993,0.99882,4524,Neutral,Neutral,P,P
425,"11/07/2018 17:00:00",USD,CHF,0.99992,0.99944,1.00002,0.99926,2961,Neutral,Neutral,P,P
426,"11/07/2018 18:00:00",USD,CHF,0.99944,1.00072,1.00124,0.99908,5085,Neutral,Neutral,P,P
427,"11/07/2018 19:00:00",USD,CHF,1.00072,1.00035,1.00104,1.0003,5473,Neutral,Neutral,P,P
428,"11/07/2018 20:00:00",USD,CHF,1.00035,1.00157,1.00179,1.00017,4506,Neutral,Neutral,P,P
429,"11/07/2018 21:00:00",USD,CHF,1.00157,1.00189,1.00276,1.00136,2001,Neutral,Neutral,P,P
430,"11/07/2018 22:00:00",USD,CHF,1.00183,1.0018,1.00214,1.00084,1471,Neutral,Neutral,P,P
431,"11/07/2018 23:00:00",USD,CHF,1.00179,1.00186,1.00234,1.00178,907,Neutral,Neutral,P,P
432,"11/08/2018 00:00:00",USD,CHF,1.00187,1.00208,1.0025,1.00169,2511,Neutral,Neutral,P,P
433,"11/08/2018 01:00:00",USD,CHF,1.00208,1.00211,1.00232,1.002,4094,Neutral,Neutral,P,P
434,"11/08/2018 02:00:00",USD,CHF,1.00211,1.00257,1.00264,1.00202,2671,Neutral,Neutral,P,P
435,"11/08/2018 03:00:00",USD,CHF,1.00255,1.0022,1.00256,1.0021,2582,Neutral,Neutral,P,P
436,"11/08/2018 04:00:00",USD,CHF,1.00221,1.0028,1.00283,1.00217,1854,Neutral,Neutral,P,P
437,"11/08/2018 05:00:00",USD,CHF,1.00281,1.00181,1.00281,1.00176,2338,Neutral,Neutral,P,P
438,"11/08/2018 06:00:00",USD,CHF,1.00181,1.0018,1.00188,1.0015,2809,Neutral,Neutral,P,P
439,"11/08/2018 07:00:00",USD,CHF,1.00178,1.00148,1.00314,1.00125,4513,Neutral,Neutral,P,P
440,"11/08/2018 08:00:00",USD,CHF,1.00147,1.00196,1.00199,1.00072,5224,Neutral,Neutral,P,P
441,"11/08/2018 09:00:00",USD,CHF,1.00197,1.00252,1.00285,1.00173,4401,Neutral,Neutral,P,P
442,"11/08/2018 10:00:00",USD,CHF,1.00252,1.00242,1.00294,1.00202,4567,Neutral,Neutral,P,P
443,"11/08/2018 11:00:00",USD,CHF,1.00241,1.00316,1.00354,1.00215,4033,Neutral,Neutral,P,P
444,"11/08/2018 12:00:00",USD,CHF,1.00318,1.0029,1.00329,1.00228,4131,Neutral,Neutral,P,P
445,"11/08/2018 13:00:00",USD,CHF,1.00287,1.00252,1.00291,1.00234,4172,Neutral,Neutral,P,P
446,"11/08/2018 14:00:00",USD,CHF,1.00253,1.00272,1.00272,1.00171,4319,Neutral,Neutral,P,P
447,"11/08/2018 15:00:00",USD,CHF,1.00272,1.00255,1.00321,1.00199,5157,Neutral,Neutral,P,P
448,"11/08/2018 16:00:00",USD,CHF,1.00255,1.00331,1.00347,1.00252,4405,Neutral,Neutral,P,P
449,"11/08/2018 17:00:00",USD,CHF,1.00331,1.00452,1.00465,1.0028,3817,Neutral,Neutral,P,P
450,"11/08/2018 18:00:00",USD,CHF,1.00451,1.00383,1.00485,1.00374,3144,Neutral,Neutral,P,P
451,"11/08/2018 19:00:00",USD,CHF,1.00383,1.0068,1.00707,1.00319,6852,Neutral,Neutral,P,P
452,"11/08/2018 20:00:00",USD,CHF,1.00686,1.00607,1.00696,1.00598,3432,Neutral,Neutral,P,P
453,"11/08/2018 21:00:00",USD,CHF,1.00608,1.00584,1.00628,1.00579,1542,Neutral,Neutral,P,P
454,"11/08/2018 22:00:00",USD,CHF,1.00578,1.00564,1.00621,1.00493,1567,Neutral,Neutral,P,P
455,"11/08/2018 23:00:00",USD,CHF,1.00564,1.00582,1.00607,1.00529,2204,Neutral,Neutral,P,P
456,"11/09/2018 00:00:00",USD,CHF,1.00587,1.00611,1.00626,1.00577,1870,Neutral,Neutral,P,P
457,"11/09/2018 01:00:00",USD,CHF,1.00611,1.00675,1.00675,1.00602,3068,Neutral,Neutral,P,P
458,"11/09/2018 02:00:00",USD,CHF,1.00676,1.0068,1.00702,1.00648,2663,Neutral,Neutral,P,P
459,"11/09/2018 03:00:00",USD,CHF,1.00679,1.00687,1.00735,1.00648,2135,Neutral,Neutral,P,P
460,"11/09/2018 04:00:00",USD,CHF,1.00688,1.00692,1.0075,1.00686,2526,Neutral,Neutral,P,P
461,"11/09/2018 05:00:00",USD,CHF,1.0069,1.00678,1.00725,1.00671,2011,Neutral,Neutral,P,P
462,"11/09/2018 06:00:00",USD,CHF,1.00679,1.00771,1.00801,1.00669,3541,Neutral,Neutral,P,P
463,"11/09/2018 07:00:00",USD,CHF,1.00771,1.00801,1.00839,1.00736,4470,Neutral,Neutral,P,P
464,"11/09/2018 08:00:00",USD,CHF,1.00801,1.00793,1.00854,1.00726,5087,Neutral,Neutral,P,P
465,"11/09/2018 09:00:00",USD,CHF,1.00794,1.00804,1.00826,1.00752,4335,Neutral,Neutral,P,P
466,"11/09/2018 10:00:00",USD,CHF,1.00803,1.00572,1.0083,1.00557,4283,Neutral,Neutral,P,P
467,"11/09/2018 11:00:00",USD,CHF,1.00572,1.00584,1.00602,1.00532,3206,Neutral,Neutral,P,P
468,"11/09/2018 12:00:00",USD,CHF,1.00585,1.00606,1.00653,1.00583,2723,Neutral,Neutral,P,P
469,"11/09/2018 13:00:00",USD,CHF,1.00606,1.00606,1.0075,1.00572,4835,Neutral,Neutral,P,P
470,"11/09/2018 14:00:00",USD,CHF,1.0061,1.00676,1.00688,1.00561,4698,Neutral,Neutral,P,P
471,"11/09/2018 15:00:00",USD,CHF,1.00675,1.00485,1.00681,1.00447,6078,Neutral,Neutral,P,P
472,"11/09/2018 16:00:00",USD,CHF,1.00487,1.00625,1.00679,1.00446,5080,Neutral,Neutral,P,P
473,"11/09/2018 17:00:00",USD,CHF,1.00625,1.00541,1.00694,1.00531,4565,Neutral,Neutral,P,P
474,"11/09/2018 18:00:00",USD,CHF,1.00541,1.00562,1.00595,1.00487,3757,Neutral,Neutral,P,P
475,"11/09/2018 19:00:00",USD,CHF,1.00562,1.00548,1.00573,1.0048,3675,Neutral,Neutral,P,P
476,"11/09/2018 20:00:00",USD,CHF,1.00548,1.0053,1.00603,1.00528,3471,Neutral,Neutral,P,P
477,"11/09/2018 21:00:00",USD,CHF,1.00531,1.00531,1.00562,1.00514,1382,Neutral,Neutral,P,P
478,"11/11/2018 22:00:00",USD,CHF,1.00468,1.00565,1.00639,1.0045,1782,Neutral,Neutral,P,P
479,"11/11/2018 23:00:00",USD,CHF,1.0057,1.00593,1.00609,1.00564,2555,Neutral,Neutral,P,P
480,"11/12/2018 00:00:00",USD,CHF,1.00592,1.00558,1.00609,1.00558,1912,Neutral,Neutral,P,P
481,"11/12/2018 01:00:00",USD,CHF,1.00556,1.00603,1.00612,1.00552,1371,Neutral,Neutral,P,P
482,"11/12/2018 02:00:00",USD,CHF,1.00603,1.00573,1.00615,1.00552,1168,Neutral,Neutral,P,P
483,"11/12/2018 03:00:00",USD,CHF,1.00573,1.00624,1.00636,1.00567,1031,Neutral,Neutral,P,P
484,"11/12/2018 04:00:00",USD,CHF,1.00624,1.00663,1.0067,1.0062,1832,Neutral,Neutral,P,P
485,"11/12/2018 05:00:00",USD,CHF,1.00663,1.00688,1.00703,1.00663,3439,Neutral,Neutral,P,P
486,"11/12/2018 06:00:00",USD,CHF,1.00686,1.00924,1.00931,1.00685,4056,Neutral,Neutral,P,P
487,"11/12/2018 07:00:00",USD,CHF,1.00924,1.00925,1.00951,1.00842,4969,Neutral,Neutral,P,P
488,"11/12/2018 08:00:00",USD,CHF,1.00925,1.00875,1.0103,1.00869,5727,Neutral,Neutral,P,P
489,"11/12/2018 09:00:00",USD,CHF,1.00876,1.00936,1.00941,1.00818,4430,Neutral,Neutral,P,P
490,"11/12/2018 10:00:00",USD,CHF,1.00937,1.00981,1.01015,1.00911,4238,Neutral,Neutral,P,P
491,"11/12/2018 11:00:00",USD,CHF,1.0098,1.00946,1.01059,1.00933,3934,Neutral,Neutral,P,P
492,"11/12/2018 12:00:00",USD,CHF,1.00945,1.00876,1.00948,1.00869,3594,Neutral,Neutral,P,P
493,"11/12/2018 13:00:00",USD,CHF,1.00876,1.00836,1.00939,1.00796,4525,Neutral,Neutral,P,P
494,"11/12/2018 14:00:00",USD,CHF,1.00837,1.00952,1.00952,1.00836,4713,Neutral,Neutral,P,P
495,"11/12/2018 15:00:00",USD,CHF,1.00951,1.00898,1.00972,1.00864,5181,Neutral,Neutral,P,P
496,"11/12/2018 16:00:00",USD,CHF,1.00904,1.00825,1.0094,1.00791,4689,Neutral,Neutral,P,P
497,"11/12/2018 17:00:00",USD,CHF,1.00826,1.00863,1.00921,1.00805,2863,Neutral,Neutral,P,P
498,"11/12/2018 18:00:00",USD,CHF,1.00861,1.00935,1.00958,1.00853,4413,Neutral,Neutral,P,P
499,"11/12/2018 19:00:00",USD,CHF,1.00934,1.00979,1.00993,1.00923,3161,Neutral,Neutral,P,P
500,"11/12/2018 20:00:00",USD,CHF,1.00979,1.0103,1.01031,1.00973,3554,Neutral,Neutral,P,P
501,"11/12/2018 21:00:00",USD,CHF,1.01034,1.01085,1.01111,1.01025,1808,Neutral,Neutral,P,P
502,"11/12/2018 22:00:00",USD,CHF,1.01083,1.01035,1.01098,1.0098,1436,Neutral,Neutral,P,P
503,"11/12/2018 23:00:00",USD,CHF,1.01038,1.01026,1.01057,1.01004,889,Neutral,Neutral,P,P
504,"11/13/2018 00:00:00",USD,CHF,1.01026,1.0101,1.01046,1.00982,2510,Neutral,Neutral,P,P
505,"11/13/2018 01:00:00",USD,CHF,1.0101,1.00949,1.01018,1.00937,2700,Neutral,Neutral,P,P
506,"11/13/2018 02:00:00",USD,CHF,1.00952,1.01008,1.01028,1.00952,2181,Neutral,Neutral,P,P
507,"11/13/2018 03:00:00",USD,CHF,1.01007,1.01007,1.01018,1.00968,3590,Neutral,Neutral,P,P
508,"11/13/2018 04:00:00",USD,CHF,1.01006,1.01029,1.0106,1.00966,3142,Neutral,Neutral,P,P
509,"11/13/2018 05:00:00",USD,CHF,1.01029,1.0105,1.01067,1.00978,2469,Neutral,Neutral,P,P
510,"11/13/2018 06:00:00",USD,CHF,1.01048,1.00989,1.01051,1.00983,2428,Neutral,Neutral,P,P
511,"11/13/2018 07:00:00",USD,CHF,1.0099,1.01089,1.01097,1.00958,5308,Neutral,Neutral,P,P
512,"11/13/2018 08:00:00",USD,CHF,1.01089,1.01017,1.0117,1.00986,5760,Neutral,Neutral,P,P
513,"11/13/2018 09:00:00",USD,CHF,1.01018,1.01073,1.01146,1.00994,4304,Neutral,Neutral,P,P
514,"11/13/2018 10:00:00",USD,CHF,1.01072,1.01102,1.01281,1.0107,4857,Neutral,Neutral,P,P
515,"11/13/2018 11:00:00",USD,CHF,1.01102,1.00949,1.01133,1.00943,4303,Neutral,Neutral,P,P
516,"11/13/2018 12:00:00",USD,CHF,1.0095,1.00939,1.01022,1.0091,4767,Neutral,Neutral,P,P
517,"11/13/2018 13:00:00",USD,CHF,1.00939,1.00974,1.01006,1.00895,5168,Neutral,Neutral,P,P
518,"11/13/2018 14:00:00",USD,CHF,1.00974,1.01008,1.01016,1.00875,5828,Neutral,Neutral,P,P
519,"11/13/2018 15:00:00",USD,CHF,1.01009,1.00885,1.01016,1.008,7096,Neutral,Neutral,P,P
520,"11/13/2018 16:00:00",USD,CHF,1.00884,1.00836,1.0093,1.00807,6008,Neutral,Neutral,P,P
521,"11/13/2018 17:00:00",USD,CHF,1.00838,1.00907,1.00934,1.00783,4127,Neutral,Neutral,P,P
522,"11/13/2018 18:00:00",USD,CHF,1.00905,1.00957,1.01008,1.00893,5106,Neutral,Neutral,P,P
523,"11/13/2018 19:00:00",USD,CHF,1.00956,1.00846,1.00979,1.00819,3999,Neutral,Neutral,P,P
524,"11/13/2018 20:00:00",USD,CHF,1.00845,1.00765,1.00855,1.00703,4559,Neutral,Neutral,P,P
525,"11/13/2018 21:00:00",USD,CHF,1.00766,1.00679,1.00776,1.00679,1380,Neutral,Neutral,P,P
526,"11/13/2018 22:00:00",USD,CHF,1.0067,1.00668,1.00752,1.00652,1731,Neutral,Neutral,P,P
527,"11/13/2018 23:00:00",USD,CHF,1.00674,1.00595,1.00702,1.00579,2431,Neutral,Neutral,P,P
528,"11/14/2018 00:00:00",USD,CHF,1.00595,1.0063,1.00638,1.00575,2934,Neutral,Neutral,P,P
529,"11/14/2018 01:00:00",USD,CHF,1.0063,1.00643,1.00687,1.00627,2542,Neutral,Neutral,P,P
530,"11/14/2018 02:00:00",USD,CHF,1.00639,1.00667,1.00678,1.00619,2787,Neutral,Neutral,P,P
531,"11/14/2018 03:00:00",USD,CHF,1.00668,1.00673,1.00682,1.00659,2058,Neutral,Neutral,P,P
532,"11/14/2018 04:00:00",USD,CHF,1.00674,1.00735,1.0076,1.00656,2195,Neutral,Neutral,P,P
533,"11/14/2018 05:00:00",USD,CHF,1.00737,1.00698,1.00737,1.00667,2511,Neutral,Neutral,P,P
534,"11/14/2018 06:00:00",USD,CHF,1.00696,1.00656,1.00725,1.00635,2226,Neutral,Neutral,P,P
535,"11/14/2018 07:00:00",USD,CHF,1.00657,1.00689,1.00774,1.00654,4690,Neutral,Neutral,P,P
536,"11/14/2018 08:00:00",USD,CHF,1.0069,1.0082,1.0083,1.00686,4035,Neutral,Neutral,P,P
537,"11/14/2018 09:00:00",USD,CHF,1.0082,1.00967,1.00981,1.00814,3689,Neutral,Neutral,P,P
538,"11/14/2018 10:00:00",USD,CHF,1.00968,1.01015,1.01039,1.00945,3453,Neutral,Neutral,P,P
539,"11/14/2018 11:00:00",USD,CHF,1.01016,1.00979,1.01032,1.00958,3291,Neutral,Neutral,P,P
540,"11/14/2018 12:00:00",USD,CHF,1.00979,1.00916,1.01013,1.00896,3389,Neutral,Neutral,P,P
541,"11/14/2018 13:00:00",USD,CHF,1.00919,1.0099,1.0099,1.00796,4872,Neutral,Neutral,P,P
542,"11/14/2018 14:00:00",USD,CHF,1.00991,1.00688,1.0104,1.00668,7250,Neutral,Neutral,P,P
543,"11/14/2018 15:00:00",USD,CHF,1.0069,1.00777,1.00822,1.00645,7328,Neutral,Neutral,P,P
544,"11/14/2018 16:00:00",USD,CHF,1.00777,1.00663,1.00791,1.00629,5701,Neutral,Neutral,P,P
545,"11/14/2018 17:00:00",USD,CHF,1.00665,1.00739,1.008,1.00615,6084,Neutral,Neutral,P,P
546,"11/14/2018 18:00:00",USD,CHF,1.00738,1.00576,1.00837,1.00552,7877,Neutral,Neutral,P,P
547,"11/14/2018 19:00:00",USD,CHF,1.00575,1.00453,1.00655,1.00421,10006,Neutral,Neutral,P,P
548,"11/14/2018 20:00:00",USD,CHF,1.00453,1.00497,1.0051,1.00414,5549,Neutral,Neutral,P,P
549,"11/14/2018 21:00:00",USD,CHF,1.00497,1.00601,1.00625,1.00495,1382,Neutral,Neutral,P,P
550,"11/14/2018 22:00:00",USD,CHF,1.00613,1.00609,1.00652,1.00437,1472,Neutral,Neutral,P,P
551,"11/14/2018 23:00:00",USD,CHF,1.00607,1.00599,1.00648,1.00524,1881,Neutral,Neutral,P,P
552,"11/15/2018 00:00:00",USD,CHF,1.00599,1.00546,1.0062,1.00525,2708,Neutral,Neutral,P,P
553,"11/15/2018 01:00:00",USD,CHF,1.00545,1.00718,1.00726,1.00535,2534,Neutral,Neutral,P,P
554,"11/15/2018 02:00:00",USD,CHF,1.00718,1.00648,1.00719,1.00617,2776,Neutral,Neutral,P,P
555,"11/15/2018 03:00:00",USD,CHF,1.00647,1.00568,1.0066,1.00562,2283,Neutral,Neutral,P,P
556,"11/15/2018 04:00:00",USD,CHF,1.00569,1.0055,1.00585,1.00519,1917,Neutral,Neutral,P,P
557,"11/15/2018 05:00:00",USD,CHF,1.0055,1.00639,1.00649,1.00541,1887,Neutral,Neutral,P,P
558,"11/15/2018 06:00:00",USD,CHF,1.00639,1.00517,1.00641,1.005,3021,Neutral,Neutral,P,P
559,"11/15/2018 07:00:00",USD,CHF,1.00517,1.00518,1.00591,1.00499,5370,Neutral,Neutral,P,P
560,"11/15/2018 08:00:00",USD,CHF,1.00518,1.00543,1.00574,1.00387,5716,Neutral,Neutral,P,P
561,"11/15/2018 09:00:00",USD,CHF,1.00543,1.00672,1.00683,1.00439,7193,Neutral,Neutral,P,P
562,"11/15/2018 10:00:00",USD,CHF,1.00672,1.00651,1.0077,1.00638,6454,Neutral,Neutral,P,P
563,"11/15/2018 11:00:00",USD,CHF,1.00652,1.00543,1.00665,1.00513,5843,Neutral,Neutral,P,P
564,"11/15/2018 12:00:00",USD,CHF,1.00543,1.00489,1.00582,1.00469,4817,Neutral,Neutral,P,P
565,"11/15/2018 13:00:00",USD,CHF,1.0049,1.0061,1.00626,1.00468,5652,Neutral,Neutral,P,P
566,"11/15/2018 14:00:00",USD,CHF,1.0061,1.00516,1.00618,1.00409,7335,Neutral,Neutral,P,P
567,"11/15/2018 15:00:00",USD,CHF,1.00515,1.00599,1.0062,1.00355,6606,Neutral,Neutral,P,P
568,"11/15/2018 16:00:00",USD,CHF,1.00606,1.00585,1.00706,1.00506,6444,Neutral,Neutral,P,P
569,"11/15/2018 17:00:00",USD,CHF,1.00583,1.00626,1.0064,1.00533,5101,Neutral,Neutral,P,P
570,"11/15/2018 18:00:00",USD,CHF,1.00628,1.0074,1.0074,1.00598,6393,Neutral,Neutral,P,P
571,"11/15/2018 19:00:00",USD,CHF,1.00742,1.00561,1.0079,1.00493,7009,Neutral,Neutral,P,P
572,"11/15/2018 20:00:00",USD,CHF,1.0056,1.00659,1.00663,1.00559,5220,Neutral,Neutral,P,P
573,"11/15/2018 21:00:00",USD,CHF,1.00659,1.0059,1.00699,1.0059,1335,Neutral,Neutral,P,P
574,"11/15/2018 22:00:00",USD,CHF,1.00565,1.00653,1.00681,1.00542,1135,Neutral,Neutral,P,P
575,"11/15/2018 23:00:00",USD,CHF,1.00648,1.00693,1.00705,1.00632,1434,Neutral,Neutral,P,P
576,"11/16/2018 00:00:00",USD,CHF,1.00694,1.0071,1.00744,1.00666,1659,Neutral,Neutral,P,P
577,"11/16/2018 01:00:00",USD,CHF,1.0071,1.00603,1.00716,1.00588,2069,Neutral,Neutral,P,P
578,"11/16/2018 02:00:00",USD,CHF,1.006,1.00619,1.0064,1.00584,2198,Neutral,Neutral,P,P
579,"11/16/2018 03:00:00",USD,CHF,1.00621,1.00645,1.00667,1.00612,1785,Neutral,Neutral,P,P
580,"11/16/2018 04:00:00",USD,CHF,1.00648,1.00674,1.00693,1.0064,1344,Neutral,Neutral,P,P
581,"11/16/2018 05:00:00",USD,CHF,1.00674,1.00606,1.00681,1.00606,1416,Neutral,Neutral,P,P
582,"11/16/2018 06:00:00",USD,CHF,1.00606,1.00577,1.00634,1.00548,1883,Neutral,Neutral,P,P
583,"11/16/2018 07:00:00",USD,CHF,1.00578,1.00651,1.00686,1.00548,3336,Neutral,Neutral,P,P
584,"11/16/2018 08:00:00",USD,CHF,1.0065,1.00698,1.00709,1.00522,5520,Neutral,Neutral,P,P
585,"11/16/2018 09:00:00",USD,CHF,1.007,1.007,1.00747,1.00606,5364,Neutral,Neutral,P,P
586,"11/16/2018 10:00:00",USD,CHF,1.00701,1.00778,1.00789,1.00696,4036,Neutral,Neutral,P,P
587,"11/16/2018 11:00:00",USD,CHF,1.00776,1.00765,1.0087,1.00747,3076,Neutral,Neutral,P,P
588,"11/16/2018 12:00:00",USD,CHF,1.00766,1.00771,1.00779,1.00701,3202,Neutral,Neutral,P,P
589,"11/16/2018 13:00:00",USD,CHF,1.0077,1.00341,1.00835,1.00312,6493,Neutral,Neutral,P,P
590,"11/16/2018 14:00:00",USD,CHF,1.0034,1.00186,1.0034,1.00075,7869,Neutral,Neutral,P,P
591,"11/16/2018 15:00:00",USD,CHF,1.00185,1.00254,1.00275,1.00145,8332,Neutral,Neutral,P,P
592,"11/16/2018 16:00:00",USD,CHF,1.00254,1.0013,1.00285,1.00044,7562,Neutral,Neutral,P,P
593,"11/16/2018 17:00:00",USD,CHF,1.00131,1,1.00131,0.99988,6919,Neutral,Neutral,P,P
594,"11/16/2018 18:00:00",USD,CHF,0.99999,0.99951,1.00031,0.99909,4482,Neutral,Neutral,P,P
595,"11/16/2018 19:00:00",USD,CHF,0.99951,0.99969,1.00037,0.9995,3552,Neutral,Neutral,P,P
596,"11/16/2018 20:00:00",USD,CHF,0.99969,0.99969,1.00011,0.99948,2129,Neutral,Neutral,P,P
597,"11/16/2018 21:00:00",USD,CHF,0.99967,0.99962,0.99991,0.99946,764,Neutral,Neutral,P,P
598,"11/18/2018 22:00:00",USD,CHF,0.99964,0.99972,0.99989,0.99869,1437,Neutral,Neutral,P,P
599,"11/18/2018 23:00:00",USD,CHF,0.99975,0.9994,0.99997,0.99896,3526,Neutral,Neutral,P,P
600,"11/19/2018 00:00:00",USD,CHF,0.9994,0.99964,0.99992,0.99938,1860,Neutral,Neutral,P,P
601,"11/19/2018 01:00:00",USD,CHF,0.99965,0.99973,1.00003,0.99948,2297,Neutral,Neutral,P,P
602,"11/19/2018 02:00:00",USD,CHF,0.99973,0.9998,0.99988,0.99951,1694,Neutral,Neutral,P,P
603,"11/19/2018 03:00:00",USD,CHF,0.9998,1.00011,1.00025,0.99967,2115,Neutral,Neutral,P,P
604,"11/19/2018 04:00:00",USD,CHF,1.00009,1.00038,1.00042,0.99985,1329,Neutral,Neutral,P,P
605,"11/19/2018 05:00:00",USD,CHF,1.00037,1.00051,1.00053,1.0002,1557,Neutral,Neutral,P,P
606,"11/19/2018 06:00:00",USD,CHF,1.00051,1.0001,1.00066,0.99988,2376,Neutral,Neutral,P,P
607,"11/19/2018 07:00:00",USD,CHF,1.00014,0.99946,1.00026,0.99926,3285,Neutral,Neutral,P,P
608,"11/19/2018 08:00:00",USD,CHF,0.99947,0.99891,1.00014,0.99813,4925,Neutral,Neutral,P,P
609,"11/19/2018 09:00:00",USD,CHF,0.9989,0.99716,0.99923,0.99688,4292,Neutral,Neutral,P,P
610,"11/19/2018 10:00:00",USD,CHF,0.99717,0.99692,0.99745,0.99581,4000,Neutral,Neutral,P,P
611,"11/19/2018 11:00:00",USD,CHF,0.99692,0.99596,0.99711,0.99567,3733,Neutral,Neutral,P,P
612,"11/19/2018 12:00:00",USD,CHF,0.99599,0.99696,0.99747,0.99599,4456,Neutral,Neutral,P,P
613,"11/19/2018 13:00:00",USD,CHF,0.99695,0.99631,0.99731,0.99589,5659,Neutral,Neutral,P,P
614,"11/19/2018 14:00:00",USD,CHF,0.99631,0.99588,0.99694,0.99559,5222,Neutral,Neutral,P,P
615,"11/19/2018 15:00:00",USD,CHF,0.99589,0.99396,0.99589,0.99276,8810,Neutral,Neutral,P,P
616,"11/19/2018 16:00:00",USD,CHF,0.99392,0.9938,0.99403,0.99338,5325,Neutral,Neutral,P,P
617,"11/19/2018 17:00:00",USD,CHF,0.9938,0.99248,0.99444,0.99241,4828,Neutral,Neutral,P,P
618,"11/19/2018 18:00:00",USD,CHF,0.99248,0.99297,0.99316,0.99245,3380,Neutral,Neutral,P,P
619,"11/19/2018 19:00:00",USD,CHF,0.993,0.99362,0.99384,0.99292,3209,Neutral,Neutral,P,P
620,"11/19/2018 20:00:00",USD,CHF,0.99362,0.99392,0.99399,0.99336,2614,Neutral,Neutral,P,P
621,"11/19/2018 21:00:00",USD,CHF,0.99393,0.99348,0.99394,0.99348,1155,Neutral,Neutral,P,P
622,"11/19/2018 22:00:00",USD,CHF,0.99348,0.99325,0.99399,0.99249,2375,Neutral,Neutral,P,P
623,"11/19/2018 23:00:00",USD,CHF,0.99325,0.99321,0.99351,0.99281,2010,Neutral,Neutral,P,P
624,"11/20/2018 00:00:00",USD,CHF,0.99322,0.9932,0.99325,0.99266,1548,Neutral,Neutral,P,P
625,"11/20/2018 01:00:00",USD,CHF,0.99321,0.99335,0.99368,0.99308,1773,Neutral,Neutral,P,P
626,"11/20/2018 02:00:00",USD,CHF,0.99334,0.99243,0.9934,0.99221,1588,Neutral,Neutral,P,P
627,"11/20/2018 03:00:00",USD,CHF,0.99244,0.99232,0.99264,0.99203,1923,Neutral,Neutral,P,P
628,"11/20/2018 04:00:00",USD,CHF,0.99232,0.99303,0.99319,0.99231,1488,Neutral,Neutral,P,P
629,"11/20/2018 05:00:00",USD,CHF,0.99305,0.99294,0.99317,0.99282,1693,Neutral,Neutral,P,P
630,"11/20/2018 06:00:00",USD,CHF,0.99295,0.9926,0.99306,0.99225,2372,Neutral,Neutral,P,P
631,"11/20/2018 07:00:00",USD,CHF,0.9926,0.99235,0.9929,0.99191,4558,Neutral,Neutral,P,P
632,"11/20/2018 08:00:00",USD,CHF,0.99232,0.99248,0.99255,0.99084,7003,Neutral,Neutral,P,P
633,"11/20/2018 09:00:00",USD,CHF,0.99248,0.99288,0.99322,0.99209,6039,Neutral,Neutral,P,P
634,"11/20/2018 10:00:00",USD,CHF,0.99286,0.99277,0.99332,0.99237,5873,Neutral,Neutral,P,P
635,"11/20/2018 11:00:00",USD,CHF,0.99281,0.99269,0.99323,0.99238,4565,Neutral,Neutral,P,P
636,"11/20/2018 12:00:00",USD,CHF,0.9927,0.99198,0.9927,0.99146,5560,Neutral,Neutral,P,P
637,"11/20/2018 13:00:00",USD,CHF,0.99196,0.99238,0.99277,0.99144,5785,Neutral,Neutral,P,P
638,"11/20/2018 14:00:00",USD,CHF,0.99238,0.99333,0.99431,0.99217,7607,Neutral,Neutral,P,P
639,"11/20/2018 15:00:00",USD,CHF,0.99332,0.99365,0.99479,0.99324,8335,Neutral,Neutral,P,P
640,"11/20/2018 16:00:00",USD,CHF,0.9936,0.99443,0.99499,0.99348,5554,Neutral,Neutral,P,P
641,"11/20/2018 17:00:00",USD,CHF,0.99442,0.995,0.99513,0.99431,4779,Neutral,Neutral,P,P
642,"11/20/2018 18:00:00",USD,CHF,0.99495,0.9948,0.99576,0.9947,5242,Neutral,Neutral,P,P
643,"11/20/2018 19:00:00",USD,CHF,0.99481,0.99482,0.9956,0.9947,3583,Neutral,Neutral,P,P
644,"11/20/2018 20:00:00",USD,CHF,0.99488,0.99513,0.99541,0.99486,3875,Neutral,Neutral,P,P
645,"11/20/2018 21:00:00",USD,CHF,0.99514,0.995,0.99534,0.99476,982,Neutral,Neutral,P,P
646,"11/20/2018 22:00:00",USD,CHF,0.99497,0.99505,0.99535,0.99419,1827,Neutral,Neutral,P,P
647,"11/20/2018 23:00:00",USD,CHF,0.99509,0.99471,0.99512,0.99458,2285,Neutral,Neutral,P,P
648,"11/21/2018 00:00:00",USD,CHF,0.99469,0.99523,0.99539,0.99468,1722,Neutral,Neutral,P,P
649,"11/21/2018 01:00:00",USD,CHF,0.99524,0.99514,0.99545,0.99493,2205,Neutral,Neutral,P,P
650,"11/21/2018 02:00:00",USD,CHF,0.99515,0.99469,0.99525,0.99452,2152,Neutral,Neutral,P,P
651,"11/21/2018 03:00:00",USD,CHF,0.99468,0.99467,0.99493,0.99456,1590,Neutral,Neutral,P,P
652,"11/21/2018 04:00:00",USD,CHF,0.99467,0.99437,0.99513,0.99434,1370,Neutral,Neutral,P,P
653,"11/21/2018 05:00:00",USD,CHF,0.99434,0.9944,0.99462,0.99424,1621,Neutral,Neutral,P,P
654,"11/21/2018 06:00:00",USD,CHF,0.99439,0.994,0.99449,0.99328,2110,Neutral,Neutral,P,P
655,"11/21/2018 07:00:00",USD,CHF,0.99401,0.99531,0.99537,0.99395,3463,Neutral,Neutral,P,P
656,"11/21/2018 08:00:00",USD,CHF,0.99529,0.99386,0.99529,0.99351,5023,Neutral,Neutral,P,P
657,"11/21/2018 09:00:00",USD,CHF,0.99386,0.99474,0.99507,0.99359,4158,Neutral,Neutral,P,P
658,"11/21/2018 10:00:00",USD,CHF,0.99474,0.99548,0.99555,0.99367,5640,Neutral,Neutral,P,P
659,"11/21/2018 11:00:00",USD,CHF,0.99547,0.99389,0.99562,0.993,5270,Neutral,Neutral,P,P
660,"11/21/2018 12:00:00",USD,CHF,0.99387,0.9935,0.99475,0.9934,3360,Neutral,Neutral,P,P
661,"11/21/2018 13:00:00",USD,CHF,0.99349,0.99373,0.99431,0.99278,4504,Neutral,Neutral,P,P
662,"11/21/2018 14:00:00",USD,CHF,0.99371,0.99529,0.9955,0.99367,4607,Neutral,Neutral,P,P
663,"11/21/2018 15:00:00",USD,CHF,0.99527,0.99542,0.99553,0.99366,5926,Neutral,Neutral,P,P
664,"11/21/2018 16:00:00",USD,CHF,0.99542,0.99522,0.99552,0.99446,3620,Neutral,Neutral,P,P
665,"11/21/2018 17:00:00",USD,CHF,0.99522,0.99424,0.99585,0.99405,3116,Neutral,Neutral,P,P
666,"11/21/2018 18:00:00",USD,CHF,0.99422,0.99428,0.99487,0.99411,3640,Neutral,Neutral,P,P
667,"11/21/2018 19:00:00",USD,CHF,0.99428,0.99443,0.99483,0.99397,2906,Neutral,Neutral,P,P
668,"11/21/2018 20:00:00",USD,CHF,0.99443,0.99472,0.99477,0.99425,2225,Neutral,Neutral,P,P
669,"11/21/2018 21:00:00",USD,CHF,0.9947,0.99441,0.99474,0.99439,761,Neutral,Neutral,P,P
670,"11/21/2018 22:00:00",USD,CHF,0.99441,0.99429,0.99471,0.99316,2571,Neutral,Neutral,P,P
671,"11/21/2018 23:00:00",USD,CHF,0.99432,0.99432,0.99445,0.994,1513,Neutral,Neutral,P,P
672,"11/22/2018 00:00:00",USD,CHF,0.99433,0.99442,0.99458,0.99408,1224,Neutral,Neutral,P,P
673,"11/22/2018 01:00:00",USD,CHF,0.99441,0.99459,0.99478,0.99438,1359,Neutral,Neutral,P,P
674,"11/22/2018 02:00:00",USD,CHF,0.99458,0.99394,0.9946,0.99367,1896,Neutral,Neutral,P,P
675,"11/22/2018 03:00:00",USD,CHF,0.99394,0.99392,0.99399,0.99369,862,Neutral,Neutral,P,P
676,"11/22/2018 04:00:00",USD,CHF,0.9939,0.99428,0.99437,0.9938,1348,Neutral,Neutral,P,P
677,"11/22/2018 05:00:00",USD,CHF,0.99428,0.99389,0.99429,0.99374,1025,Neutral,Neutral,P,P
678,"11/22/2018 06:00:00",USD,CHF,0.99389,0.99361,0.99408,0.99321,1647,Neutral,Neutral,P,P
679,"11/22/2018 07:00:00",USD,CHF,0.99362,0.99413,0.99429,0.99342,2333,Neutral,Neutral,P,P
680,"11/22/2018 08:00:00",USD,CHF,0.99414,0.99389,0.9945,0.99374,2762,Neutral,Neutral,P,P
681,"11/22/2018 09:00:00",USD,CHF,0.99389,0.99374,0.9939,0.99343,1953,Neutral,Neutral,P,P
682,"11/22/2018 10:00:00",USD,CHF,0.99374,0.9943,0.99442,0.99215,4597,Neutral,Neutral,P,P
683,"11/22/2018 11:00:00",USD,CHF,0.99429,0.99402,0.99507,0.99379,3289,Neutral,Neutral,P,P
684,"11/22/2018 12:00:00",USD,CHF,0.99402,0.99464,0.99506,0.99401,3205,Neutral,Neutral,P,P
685,"11/22/2018 13:00:00",USD,CHF,0.99464,0.99541,0.99557,0.99459,2406,Neutral,Neutral,P,P
686,"11/22/2018 14:00:00",USD,CHF,0.99542,0.99484,0.99551,0.99465,2355,Neutral,Neutral,P,P
687,"11/22/2018 15:00:00",USD,CHF,0.99482,0.99472,0.99543,0.9944,2835,Neutral,Neutral,P,P
688,"11/22/2018 16:00:00",USD,CHF,0.99473,0.99436,0.99558,0.99435,1907,Neutral,Neutral,P,P
689,"11/22/2018 17:00:00",USD,CHF,0.99436,0.99489,0.99511,0.99414,1568,Neutral,Neutral,P,P
690,"11/22/2018 18:00:00",USD,CHF,0.9949,0.9939,0.99495,0.99377,3311,Neutral,Neutral,P,P
691,"11/22/2018 19:00:00",USD,CHF,0.9939,0.99421,0.99439,0.99376,1535,Neutral,Neutral,P,P
692,"11/22/2018 20:00:00",USD,CHF,0.99422,0.99421,0.99439,0.99407,2335,Neutral,Neutral,P,P
693,"11/22/2018 21:00:00",USD,CHF,0.9942,0.99402,0.99525,0.99393,4559,Neutral,Neutral,P,P
694,"11/22/2018 22:00:00",USD,CHF,0.99271,0.99412,0.99506,0.99271,587,Neutral,Neutral,P,P
695,"11/22/2018 23:00:00",USD,CHF,0.99412,0.99458,0.99476,0.99411,1448,Neutral,Neutral,P,P
696,"11/23/2018 00:00:00",USD,CHF,0.99458,0.9944,0.99468,0.99437,898,Neutral,Neutral,P,P
697,"11/23/2018 01:00:00",USD,CHF,0.9944,0.99408,0.99453,0.99401,1364,Neutral,Neutral,P,P
698,"11/23/2018 02:00:00",USD,CHF,0.99408,0.99403,0.99434,0.99376,1899,Neutral,Neutral,P,P
699,"11/23/2018 03:00:00",USD,CHF,0.99403,0.99377,0.99416,0.99359,1500,Neutral,Neutral,P,P
700,"11/23/2018 04:00:00",USD,CHF,0.99377,0.99391,0.99394,0.99356,1014,Neutral,Neutral,P,P
701,"11/23/2018 05:00:00",USD,CHF,0.99391,0.99428,0.99442,0.99381,986,Neutral,Neutral,P,P
702,"11/23/2018 06:00:00",USD,CHF,0.99429,0.99435,0.99455,0.99401,1246,Neutral,Neutral,P,P
703,"11/23/2018 07:00:00",USD,CHF,0.99435,0.99389,0.9946,0.99378,1820,Neutral,Neutral,P,P
704,"11/23/2018 08:00:00",USD,CHF,0.99387,0.99599,0.99681,0.99345,4377,Neutral,Neutral,P,P
705,"11/23/2018 09:00:00",USD,CHF,0.99603,0.9955,0.99628,0.99524,3349,Neutral,Neutral,P,P
706,"11/23/2018 10:00:00",USD,CHF,0.99549,0.99697,0.99718,0.99507,3379,Neutral,Neutral,P,P
707,"11/23/2018 11:00:00",USD,CHF,0.99697,0.99693,0.99798,0.99674,3235,Neutral,Neutral,P,P
708,"11/23/2018 12:00:00",USD,CHF,0.99693,0.99661,0.99717,0.99623,3009,Neutral,Neutral,P,P
709,"11/23/2018 13:00:00",USD,CHF,0.99659,0.9962,0.9971,0.99575,4017,Neutral,Neutral,P,P
710,"11/23/2018 14:00:00",USD,CHF,0.9962,0.99724,0.9974,0.99588,4323,Neutral,Neutral,P,P
711,"11/23/2018 15:00:00",USD,CHF,0.99724,0.99746,0.99752,0.99617,4207,Neutral,Neutral,P,P
712,"11/23/2018 16:00:00",USD,CHF,0.99745,0.99767,0.99798,0.9971,3419,Neutral,Neutral,P,P
713,"11/23/2018 17:00:00",USD,CHF,0.99766,0.99764,0.99782,0.99721,1848,Neutral,Neutral,P,P
714,"11/23/2018 18:00:00",USD,CHF,0.99762,0.99746,0.99778,0.99723,1953,Neutral,Neutral,P,P
715,"11/23/2018 19:00:00",USD,CHF,0.99746,0.99738,0.99776,0.99717,1240,Neutral,Neutral,P,P
716,"11/23/2018 20:00:00",USD,CHF,0.99737,0.99742,0.99766,0.99707,862,Neutral,Neutral,P,P
717,"11/23/2018 21:00:00",USD,CHF,0.99745,0.99661,0.99776,0.99655,1459,Neutral,Neutral,P,P
718,"11/25/2018 22:00:00",USD,CHF,0.99659,0.99679,0.99747,0.99651,435,Neutral,Neutral,P,P
719,"11/25/2018 23:00:00",USD,CHF,0.99692,0.99724,0.99753,0.99692,3755,Neutral,Neutral,P,P
720,"11/26/2018 00:00:00",USD,CHF,0.99721,0.99746,0.99746,0.99685,1681,Neutral,Neutral,P,P
721,"11/26/2018 01:00:00",USD,CHF,0.99744,0.99802,0.99821,0.99734,2028,Neutral,Neutral,P,P
722,"11/26/2018 02:00:00",USD,CHF,0.99802,0.99838,0.99838,0.99799,1972,Neutral,Neutral,P,P
723,"11/26/2018 03:00:00",USD,CHF,0.99837,0.99804,0.99837,0.99786,1909,Neutral,Neutral,P,P
724,"11/26/2018 04:00:00",USD,CHF,0.99805,0.99724,0.99806,0.99708,1633,Neutral,Neutral,P,P
725,"11/26/2018 05:00:00",USD,CHF,0.99725,0.99707,0.99736,0.9969,2307,Neutral,Neutral,P,P
726,"11/26/2018 06:00:00",USD,CHF,0.99707,0.99689,0.99726,0.99661,1781,Neutral,Neutral,P,P
727,"11/26/2018 07:00:00",USD,CHF,0.99689,0.99699,0.99734,0.99638,4629,Neutral,Neutral,P,P
728,"11/26/2018 08:00:00",USD,CHF,0.99698,0.99631,0.99733,0.99592,6579,Neutral,Neutral,P,P
729,"11/26/2018 09:00:00",USD,CHF,0.99631,0.99651,0.99654,0.99541,5574,Neutral,Neutral,P,P
730,"11/26/2018 10:00:00",USD,CHF,0.9965,0.99669,0.99723,0.99634,3213,Neutral,Neutral,P,P
731,"11/26/2018 11:00:00",USD,CHF,0.99669,0.99644,0.99693,0.99631,3968,Neutral,Neutral,P,P
732,"11/26/2018 12:00:00",USD,CHF,0.99644,0.99779,0.99799,0.99637,4469,Neutral,Neutral,P,P
733,"11/26/2018 13:00:00",USD,CHF,0.99779,0.99767,0.99779,0.99664,4563,Neutral,Neutral,P,P
734,"11/26/2018 14:00:00",USD,CHF,0.9977,0.99873,0.99882,0.99757,4769,Neutral,Neutral,P,P
735,"11/26/2018 15:00:00",USD,CHF,0.99871,0.99878,0.99931,0.99853,4488,Neutral,Neutral,P,P
736,"11/26/2018 16:00:00",USD,CHF,0.99879,0.99849,0.99887,0.99768,4181,Neutral,Neutral,P,P
737,"11/26/2018 17:00:00",USD,CHF,0.99849,0.99819,0.99858,0.99775,2132,Neutral,Neutral,P,P
738,"11/26/2018 18:00:00",USD,CHF,0.99819,0.99827,0.99912,0.99789,3186,Neutral,Neutral,P,P
739,"11/26/2018 19:00:00",USD,CHF,0.99827,0.99906,0.99916,0.99807,2521,Neutral,Neutral,P,P
740,"11/26/2018 20:00:00",USD,CHF,0.99904,0.99866,0.99907,0.99851,1772,Neutral,Neutral,P,P
741,"11/26/2018 21:00:00",USD,CHF,0.99867,0.99815,0.99906,0.99815,1082,Neutral,Neutral,P,P
742,"11/26/2018 22:00:00",USD,CHF,0.99815,0.99812,0.99882,0.99784,1879,Neutral,Neutral,P,P
743,"11/26/2018 23:00:00",USD,CHF,0.99813,0.99817,0.99857,0.99788,1755,Neutral,Neutral,P,P
744,"11/27/2018 00:00:00",USD,CHF,0.99823,0.99812,0.99841,0.99804,1220,Neutral,Neutral,P,P
745,"11/27/2018 01:00:00",USD,CHF,0.99812,0.99848,0.99855,0.99812,2169,Neutral,Neutral,P,P
746,"11/27/2018 02:00:00",USD,CHF,0.99849,0.99848,0.99856,0.99812,1529,Neutral,Neutral,P,P
747,"11/27/2018 03:00:00",USD,CHF,0.99847,0.99862,0.99868,0.9982,1516,Neutral,Neutral,P,P
748,"11/27/2018 04:00:00",USD,CHF,0.99863,0.99797,0.99866,0.9978,1025,Neutral,Neutral,P,P
749,"11/27/2018 05:00:00",USD,CHF,0.99797,0.99759,0.99802,0.99749,1449,Neutral,Neutral,P,P
750,"11/27/2018 06:00:00",USD,CHF,0.99757,0.99862,0.99893,0.9975,2290,Neutral,Neutral,P,P
751,"11/27/2018 07:00:00",USD,CHF,0.99862,0.99993,0.99999,0.99829,6043,Neutral,Neutral,P,P
752,"11/27/2018 08:00:00",USD,CHF,0.99994,0.99964,1.00031,0.99896,4960,Neutral,Neutral,P,P
753,"11/27/2018 09:00:00",USD,CHF,0.99962,0.99993,1.00007,0.99911,4268,Neutral,Neutral,P,P
754,"11/27/2018 10:00:00",USD,CHF,0.99991,0.99966,0.99997,0.99859,4473,Neutral,Neutral,P,P
755,"11/27/2018 11:00:00",USD,CHF,0.99963,0.99943,0.99976,0.99904,3506,Neutral,Neutral,P,P
756,"11/27/2018 12:00:00",USD,CHF,0.99944,0.99808,0.99944,0.99801,3447,Neutral,Neutral,P,P
757,"11/27/2018 13:00:00",USD,CHF,0.99808,0.99897,0.99927,0.99754,4829,Neutral,Neutral,P,P
758,"11/27/2018 14:00:00",USD,CHF,0.99897,0.99948,0.99971,0.99795,5225,Neutral,Neutral,P,P
759,"11/27/2018 15:00:00",USD,CHF,0.9995,0.999,0.99971,0.9983,5841,Neutral,Neutral,P,P
760,"11/27/2018 16:00:00",USD,CHF,0.99898,0.99975,1.00011,0.99889,4737,Neutral,Neutral,P,P
761,"11/27/2018 17:00:00",USD,CHF,0.99975,0.99942,0.99997,0.99884,3253,Neutral,Neutral,P,P
762,"11/27/2018 18:00:00",USD,CHF,0.99943,0.99835,0.99952,0.99793,4354,Neutral,Neutral,P,P
763,"11/27/2018 19:00:00",USD,CHF,0.99835,0.99861,0.99861,0.99821,2249,Neutral,Neutral,P,P
764,"11/27/2018 20:00:00",USD,CHF,0.99861,0.99855,0.99881,0.99836,2330,Neutral,Neutral,P,P
765,"11/27/2018 21:00:00",USD,CHF,0.99855,0.9985,0.99888,0.99834,1609,Neutral,Neutral,P,P
766,"11/27/2018 22:00:00",USD,CHF,0.9985,0.99837,0.99903,0.9979,1181,Neutral,Neutral,P,P
767,"11/27/2018 23:00:00",USD,CHF,0.99837,0.9985,0.99888,0.9983,1665,Neutral,Neutral,P,P
768,"11/28/2018 00:00:00",USD,CHF,0.9985,0.99907,0.99926,0.99846,1774,Neutral,Neutral,P,P
769,"11/28/2018 01:00:00",USD,CHF,0.99907,0.99901,0.99932,0.99888,1343,Neutral,Neutral,P,P
770,"11/28/2018 02:00:00",USD,CHF,0.99902,0.99919,0.9993,0.9989,1500,Neutral,Neutral,P,P
771,"11/28/2018 03:00:00",USD,CHF,0.9992,0.99929,0.99931,0.99905,1492,Neutral,Neutral,P,P
772,"11/28/2018 04:00:00",USD,CHF,0.99929,0.99939,0.99947,0.99919,827,Neutral,Neutral,P,P
773,"11/28/2018 05:00:00",USD,CHF,0.99939,0.99928,0.99941,0.99906,1375,Neutral,Neutral,P,P
774,"11/28/2018 06:00:00",USD,CHF,0.99927,0.99872,0.99938,0.99872,1987,Neutral,Neutral,P,P
775,"11/28/2018 07:00:00",USD,CHF,0.99872,0.99987,1,0.99872,2867,Neutral,Neutral,P,P
776,"11/28/2018 08:00:00",USD,CHF,0.99987,0.9993,1.00026,0.99927,3620,Neutral,Neutral,P,P
777,"11/28/2018 09:00:00",USD,CHF,0.9993,0.99932,0.99969,0.99876,3392,Neutral,Neutral,P,P
778,"11/28/2018 10:00:00",USD,CHF,0.99931,0.9984,0.99939,0.99829,3405,Neutral,Neutral,P,P
779,"11/28/2018 11:00:00",USD,CHF,0.9984,0.99912,0.99918,0.99813,3169,Neutral,Neutral,P,P
780,"11/28/2018 12:00:00",USD,CHF,0.99911,0.99872,0.99958,0.99865,3495,Neutral,Neutral,P,P
781,"11/28/2018 13:00:00",USD,CHF,0.99871,0.9987,0.99913,0.99836,4006,Neutral,Neutral,P,P
782,"11/28/2018 14:00:00",USD,CHF,0.99869,0.99913,0.99944,0.99796,5437,Neutral,Neutral,P,P
783,"11/28/2018 15:00:00",USD,CHF,0.99913,1.00036,1.00057,0.999,5465,Neutral,Neutral,P,P
784,"11/28/2018 16:00:00",USD,CHF,1.00035,0.99948,1.00041,0.99943,3789,Neutral,Neutral,P,P
785,"11/28/2018 17:00:00",USD,CHF,0.99949,0.99545,0.99949,0.99431,8843,Neutral,Neutral,P,P
786,"11/28/2018 18:00:00",USD,CHF,0.99545,0.99313,0.99589,0.99252,7071,Neutral,Neutral,P,P
787,"11/28/2018 19:00:00",USD,CHF,0.99312,0.99309,0.99359,0.99251,3249,Neutral,Neutral,P,P
788,"11/28/2018 20:00:00",USD,CHF,0.99309,0.99345,0.99363,0.99294,1848,Neutral,Neutral,P,P
789,"11/28/2018 21:00:00",USD,CHF,0.99346,0.99351,0.9939,0.99332,1481,Neutral,Neutral,P,P
790,"11/28/2018 22:00:00",USD,CHF,0.99351,0.99346,0.99396,0.99292,2352,Neutral,Neutral,P,P
791,"11/28/2018 23:00:00",USD,CHF,0.99343,0.99329,0.99358,0.99324,1059,Neutral,Neutral,P,P
792,"11/29/2018 00:00:00",USD,CHF,0.99331,0.99319,0.99362,0.99312,1953,Neutral,Neutral,P,P
793,"11/29/2018 01:00:00",USD,CHF,0.9932,0.99295,0.99326,0.99281,1573,Neutral,Neutral,P,P
794,"11/29/2018 02:00:00",USD,CHF,0.99292,0.99282,0.99301,0.99262,1985,Neutral,Neutral,P,P
795,"11/29/2018 03:00:00",USD,CHF,0.99281,0.99277,0.99294,0.99254,1580,Neutral,Neutral,P,P
796,"11/29/2018 04:00:00",USD,CHF,0.99278,0.99204,0.99279,0.99181,2322,Neutral,Neutral,P,P
797,"11/29/2018 05:00:00",USD,CHF,0.99204,0.99225,0.99234,0.99172,1468,Neutral,Neutral,P,P
798,"11/29/2018 06:00:00",USD,CHF,0.99225,0.99285,0.99294,0.99188,2378,Neutral,Neutral,P,P
799,"11/29/2018 07:00:00",USD,CHF,0.99284,0.99255,0.99342,0.99208,3960,Neutral,Neutral,P,P
800,"11/29/2018 08:00:00",USD,CHF,0.99259,0.99356,0.99396,0.99198,4696,Neutral,Neutral,P,P
801,"11/29/2018 09:00:00",USD,CHF,0.99354,0.99383,0.99422,0.9934,3987,Neutral,Neutral,P,P
802,"11/29/2018 10:00:00",USD,CHF,0.99383,0.99621,0.99621,0.99378,4145,Neutral,Neutral,P,P
803,"11/29/2018 11:00:00",USD,CHF,0.99619,0.99558,0.99652,0.99518,3880,Neutral,Neutral,P,P
804,"11/29/2018 12:00:00",USD,CHF,0.99558,0.99439,0.99575,0.99417,4997,Neutral,Neutral,P,P
805,"11/29/2018 13:00:00",USD,CHF,0.99439,0.99597,0.99599,0.99385,5967,Neutral,Neutral,P,P
806,"11/29/2018 14:00:00",USD,CHF,0.99597,0.99601,0.99731,0.99555,5131,Neutral,Neutral,P,P
807,"11/29/2018 15:00:00",USD,CHF,0.99597,0.99599,0.99749,0.99587,6062,Neutral,Neutral,P,P
808,"11/29/2018 16:00:00",USD,CHF,0.99602,0.99666,0.99729,0.99546,5312,Neutral,Neutral,P,P
809,"11/29/2018 17:00:00",USD,CHF,0.99665,0.99704,0.99737,0.9966,2831,Neutral,Neutral,P,P
810,"11/29/2018 18:00:00",USD,CHF,0.99703,0.99708,0.99733,0.99672,3377,Neutral,Neutral,P,P
811,"11/29/2018 19:00:00",USD,CHF,0.99707,0.99634,0.99764,0.99615,4882,Neutral,Neutral,P,P
812,"11/29/2018 20:00:00",USD,CHF,0.99634,0.99626,0.99665,0.99554,3244,Neutral,Neutral,P,P
813,"11/29/2018 21:00:00",USD,CHF,0.99625,0.99539,0.99635,0.99539,854,Neutral,Neutral,P,P
814,"11/29/2018 22:00:00",USD,CHF,0.99539,0.99598,0.99647,0.9948,1742,Neutral,Neutral,P,P
815,"11/29/2018 23:00:00",USD,CHF,0.99597,0.99603,0.99632,0.99577,1533,Neutral,Neutral,P,P
816,"11/30/2018 00:00:00",USD,CHF,0.99605,0.99629,0.99635,0.99582,1411,Neutral,Neutral,P,P
817,"11/30/2018 01:00:00",USD,CHF,0.99629,0.99636,0.9966,0.99627,1247,Neutral,Neutral,P,P
818,"11/30/2018 02:00:00",USD,CHF,0.99636,0.99572,0.99652,0.99572,1755,Neutral,Neutral,P,P
819,"11/30/2018 03:00:00",USD,CHF,0.99572,0.99635,0.99648,0.99558,1497,Neutral,Neutral,P,P
820,"11/30/2018 04:00:00",USD,CHF,0.99635,0.99671,0.99678,0.99626,1029,Neutral,Neutral,P,P
821,"11/30/2018 05:00:00",USD,CHF,0.99671,0.99671,0.9969,0.99653,1390,Neutral,Neutral,P,P
822,"11/30/2018 06:00:00",USD,CHF,0.9967,0.99669,0.99702,0.99637,2277,Neutral,Neutral,P,P
823,"11/30/2018 07:00:00",USD,CHF,0.99668,0.99638,0.9967,0.99605,3218,Neutral,Neutral,P,P
824,"11/30/2018 08:00:00",USD,CHF,0.99637,0.9955,0.99663,0.99547,3551,Neutral,Neutral,P,P
825,"11/30/2018 09:00:00",USD,CHF,0.99552,0.9961,0.99625,0.9951,3865,Neutral,Neutral,P,P
826,"11/30/2018 10:00:00",USD,CHF,0.99613,0.99681,0.99692,0.99593,4478,Neutral,Neutral,P,P
827,"11/30/2018 11:00:00",USD,CHF,0.9968,0.99802,0.9981,0.9967,4445,Neutral,Neutral,P,P
828,"11/30/2018 12:00:00",USD,CHF,0.99802,0.99764,0.99858,0.99757,3343,Neutral,Neutral,P,P
829,"11/30/2018 13:00:00",USD,CHF,0.99764,0.99804,0.99837,0.99753,4946,Neutral,Neutral,P,P
830,"11/30/2018 14:00:00",USD,CHF,0.99805,0.99919,0.9996,0.99763,5166,Neutral,Neutral,P,P
831,"11/30/2018 15:00:00",USD,CHF,0.99921,0.99907,1.0004,0.9983,7011,Neutral,Neutral,P,P
832,"11/30/2018 16:00:00",USD,CHF,0.99908,0.99876,0.99981,0.99863,5123,Neutral,Neutral,P,P
833,"11/30/2018 17:00:00",USD,CHF,0.99876,0.99874,0.99902,0.99832,2760,Neutral,Neutral,P,P
834,"11/30/2018 18:00:00",USD,CHF,0.9987,0.99955,0.99968,0.99865,2784,Neutral,Neutral,P,P
835,"11/30/2018 19:00:00",USD,CHF,0.99954,0.99966,0.99998,0.99941,2106,Neutral,Neutral,P,P
836,"11/30/2018 20:00:00",USD,CHF,0.99965,0.99894,0.99986,0.9989,1994,Neutral,Neutral,P,P
837,"11/30/2018 21:00:00",USD,CHF,0.99894,0.99863,0.99913,0.99863,1065,Neutral,Neutral,P,P
838,"12/02/2018 22:00:00",USD,CHF,0.99809,0.9994,0.99949,0.99767,1445,Neutral,Neutral,P,P
839,"12/02/2018 23:00:00",USD,CHF,0.99937,0.99856,0.99956,0.99844,1187,Neutral,Neutral,P,P
840,"12/03/2018 00:00:00",USD,CHF,0.99858,0.99819,0.99915,0.99791,1730,Neutral,Neutral,P,P
841,"12/03/2018 01:00:00",USD,CHF,0.99817,0.99839,0.99839,0.99802,1322,Neutral,Neutral,P,P
842,"12/03/2018 02:00:00",USD,CHF,0.99838,0.99768,0.99839,0.99748,1485,Neutral,Neutral,P,P
843,"12/03/2018 03:00:00",USD,CHF,0.99769,0.99776,0.99806,0.99761,1182,Neutral,Neutral,P,P
844,"12/03/2018 04:00:00",USD,CHF,0.99778,0.99794,0.998,0.99735,1961,Neutral,Neutral,P,P
845,"12/03/2018 05:00:00",USD,CHF,0.99794,0.9974,0.99812,0.99688,1891,Neutral,Neutral,P,P
846,"12/03/2018 06:00:00",USD,CHF,0.99739,0.99768,0.99798,0.99732,2053,Neutral,Neutral,P,P
847,"12/03/2018 07:00:00",USD,CHF,0.99769,0.99673,0.99781,0.99642,4470,Neutral,Neutral,P,P
848,"12/03/2018 08:00:00",USD,CHF,0.99674,0.99701,0.99735,0.99653,4509,Neutral,Neutral,P,P
849,"12/03/2018 09:00:00",USD,CHF,0.997,0.99745,0.99802,0.99687,4451,Neutral,Neutral,P,P
850,"12/03/2018 10:00:00",USD,CHF,0.99745,0.99894,0.99898,0.99739,4525,Neutral,Neutral,P,P
851,"12/03/2018 11:00:00",USD,CHF,0.99895,0.99888,0.99957,0.99855,3954,Neutral,Neutral,P,P
852,"12/03/2018 12:00:00",USD,CHF,0.99888,0.99876,0.99892,0.99849,3559,Neutral,Neutral,P,P
853,"12/03/2018 13:00:00",USD,CHF,0.99876,0.99828,0.99942,0.99759,6327,Neutral,Neutral,P,P
854,"12/03/2018 14:00:00",USD,CHF,0.99828,0.99737,0.9983,0.99701,5297,Neutral,Neutral,P,P
855,"12/03/2018 15:00:00",USD,CHF,0.99742,0.99819,0.99832,0.99649,6332,Neutral,Neutral,P,P
856,"12/03/2018 16:00:00",USD,CHF,0.99821,0.99752,0.99821,0.99707,4403,Neutral,Neutral,P,P
857,"12/03/2018 17:00:00",USD,CHF,0.99751,0.99807,0.99834,0.99722,2281,Neutral,Neutral,P,P
858,"12/03/2018 18:00:00",USD,CHF,0.99806,0.99797,0.9986,0.99771,3219,Neutral,Neutral,P,P
859,"12/03/2018 19:00:00",USD,CHF,0.99797,0.99881,0.99897,0.99794,2550,Neutral,Neutral,P,P
860,"12/03/2018 20:00:00",USD,CHF,0.99884,0.9984,0.99895,0.99839,1981,Neutral,Neutral,P,P
861,"12/03/2018 21:00:00",USD,CHF,0.99841,0.99745,0.99843,0.99745,1688,Neutral,Neutral,P,P
862,"12/03/2018 22:00:00",USD,CHF,0.99742,0.99783,0.99814,0.99737,1267,Neutral,Neutral,P,P
863,"12/03/2018 23:00:00",USD,CHF,0.9979,0.99789,0.99794,0.99782,2309,Neutral,Neutral,P,P
864,"12/04/2018 00:00:00",USD,CHF,0.99789,0.9979,0.99823,0.99777,1359,Neutral,Neutral,P,P
865,"12/04/2018 01:00:00",USD,CHF,0.99791,0.99688,0.99801,0.99688,2271,Neutral,Neutral,P,P
866,"12/04/2018 02:00:00",USD,CHF,0.99688,0.99662,0.99718,0.99653,1711,Neutral,Neutral,P,P
867,"12/04/2018 03:00:00",USD,CHF,0.99661,0.99669,0.99689,0.99657,1313,Neutral,Neutral,P,P
868,"12/04/2018 04:00:00",USD,CHF,0.99668,0.99588,0.99679,0.99581,2773,Neutral,Neutral,P,P
869,"12/04/2018 05:00:00",USD,CHF,0.99588,0.99633,0.99655,0.99583,1993,Neutral,Neutral,P,P
870,"12/04/2018 06:00:00",USD,CHF,0.99633,0.99602,0.99643,0.99561,2922,Neutral,Neutral,P,P
871,"12/04/2018 07:00:00",USD,CHF,0.99604,0.99591,0.99623,0.99547,3554,Neutral,Neutral,P,P
872,"12/04/2018 08:00:00",USD,CHF,0.99592,0.9961,0.99634,0.9951,5144,Neutral,Neutral,P,P
873,"12/04/2018 09:00:00",USD,CHF,0.99611,0.99339,0.99615,0.99302,5116,Neutral,Neutral,P,P
874,"12/04/2018 10:00:00",USD,CHF,0.99339,0.99429,0.99476,0.99321,3200,Neutral,Neutral,P,P
875,"12/04/2018 11:00:00",USD,CHF,0.9943,0.99515,0.99536,0.99353,3656,Neutral,Neutral,P,P
876,"12/04/2018 12:00:00",USD,CHF,0.99515,0.9947,0.99552,0.99465,3730,Neutral,Neutral,P,P
877,"12/04/2018 13:00:00",USD,CHF,0.99471,0.99599,0.99623,0.9946,5143,Neutral,Neutral,P,P
878,"12/04/2018 14:00:00",USD,CHF,0.996,0.99551,0.99605,0.9949,5813,Neutral,Neutral,P,P
879,"12/04/2018 15:00:00",USD,CHF,0.99549,0.99721,0.99744,0.99531,5074,Neutral,Neutral,P,P
880,"12/04/2018 16:00:00",USD,CHF,0.99721,0.99751,0.99762,0.99679,4856,Neutral,Neutral,P,P
881,"12/04/2018 17:00:00",USD,CHF,0.9975,0.99789,0.99909,0.99731,6098,Neutral,Neutral,P,P
882,"12/04/2018 18:00:00",USD,CHF,0.99788,0.99806,0.99813,0.99706,5746,Neutral,Neutral,P,P
883,"12/04/2018 19:00:00",USD,CHF,0.99806,0.99738,0.99806,0.99728,3179,Neutral,Neutral,P,P
884,"12/04/2018 20:00:00",USD,CHF,0.99739,0.99799,0.99799,0.99738,2445,Neutral,Neutral,P,P
885,"12/04/2018 21:00:00",USD,CHF,0.99796,0.99719,0.9982,0.99719,973,Neutral,Neutral,P,P
886,"12/04/2018 22:00:00",USD,CHF,0.99716,0.9974,0.99778,0.99638,1694,Neutral,Neutral,P,P
887,"12/04/2018 23:00:00",USD,CHF,0.9974,0.99738,0.99761,0.99727,969,Neutral,Neutral,P,P
888,"12/05/2018 00:00:00",USD,CHF,0.99738,0.99792,0.99807,0.99729,1999,Neutral,Neutral,P,P
889,"12/05/2018 01:00:00",USD,CHF,0.99792,0.99882,0.99907,0.9979,1776,Neutral,Neutral,P,P
890,"12/05/2018 02:00:00",USD,CHF,0.99884,0.99916,0.99916,0.99877,1113,Neutral,Neutral,P,P
891,"12/05/2018 03:00:00",USD,CHF,0.99917,0.9991,0.99945,0.99895,1708,Neutral,Neutral,P,P
892,"12/05/2018 04:00:00",USD,CHF,0.99909,0.99934,0.99957,0.99891,1609,Neutral,Neutral,P,P
893,"12/05/2018 05:00:00",USD,CHF,0.99936,1.00006,1.00009,0.99935,2497,Neutral,Neutral,P,P
894,"12/05/2018 06:00:00",USD,CHF,1.00006,0.99935,1.00047,0.99935,2324,Neutral,Neutral,P,P
895,"12/05/2018 07:00:00",USD,CHF,0.99938,0.99952,0.99985,0.9989,2701,Neutral,Neutral,P,P
896,"12/05/2018 08:00:00",USD,CHF,0.99952,0.999,1.00011,0.9986,3054,Neutral,Neutral,P,P
897,"12/05/2018 09:00:00",USD,CHF,0.999,0.9983,0.99912,0.9982,2027,Neutral,Neutral,P,P
898,"12/05/2018 10:00:00",USD,CHF,0.99828,0.99809,0.99843,0.99755,2107,Neutral,Neutral,P,P
899,"12/05/2018 11:00:00",USD,CHF,0.9981,0.99766,0.9986,0.99714,3389,Neutral,Neutral,P,P
900,"12/05/2018 12:00:00",USD,CHF,0.99766,0.99762,0.99784,0.99733,1915,Neutral,Neutral,P,P
901,"12/05/2018 13:00:00",USD,CHF,0.99761,0.99751,0.99777,0.99702,2853,Neutral,Neutral,P,P
902,"12/05/2018 14:00:00",USD,CHF,0.99752,0.99983,0.99989,0.99726,3909,Neutral,Neutral,P,P
903,"12/05/2018 15:00:00",USD,CHF,0.99987,0.99829,1.00078,0.99823,4403,Neutral,Neutral,P,P
904,"12/05/2018 16:00:00",USD,CHF,0.99828,0.99776,0.99847,0.99756,3650,Neutral,Neutral,P,P
905,"12/05/2018 17:00:00",USD,CHF,0.99777,0.99755,0.99822,0.99729,1673,Neutral,Neutral,P,P
906,"12/05/2018 18:00:00",USD,CHF,0.99756,0.99753,0.9976,0.99708,2194,Neutral,Neutral,P,P
907,"12/05/2018 19:00:00",USD,CHF,0.99753,0.99772,0.99783,0.99719,1393,Neutral,Neutral,P,P
908,"12/05/2018 20:00:00",USD,CHF,0.99771,0.99761,0.99793,0.9976,1152,Neutral,Neutral,P,P
909,"12/05/2018 21:00:00",USD,CHF,0.9976,0.99771,0.99776,0.99733,734,Neutral,Neutral,P,P
910,"12/05/2018 22:00:00",USD,CHF,0.99753,0.99701,0.99792,0.99643,2628,Neutral,Neutral,P,P
911,"12/05/2018 23:00:00",USD,CHF,0.99697,0.99697,0.99734,0.99679,2008,Neutral,Neutral,P,P
912,"12/06/2018 00:00:00",USD,CHF,0.99697,0.99694,0.99728,0.99652,2406,Neutral,Neutral,P,P
913,"12/06/2018 01:00:00",USD,CHF,0.99695,0.99653,0.99703,0.99624,2218,Neutral,Neutral,P,P
914,"12/06/2018 02:00:00",USD,CHF,0.99654,0.99673,0.99683,0.99625,1753,Neutral,Neutral,P,P
915,"12/06/2018 03:00:00",USD,CHF,0.99673,0.99668,0.99689,0.99609,2278,Neutral,Neutral,P,P
916,"12/06/2018 04:00:00",USD,CHF,0.99668,0.99604,0.99674,0.99597,2106,Neutral,Neutral,P,P
917,"12/06/2018 05:00:00",USD,CHF,0.99604,0.99615,0.99619,0.99568,1991,Neutral,Neutral,P,P
918,"12/06/2018 06:00:00",USD,CHF,0.99614,0.99726,0.9976,0.99614,3358,Neutral,Neutral,P,P
919,"12/06/2018 07:00:00",USD,CHF,0.99726,0.99868,0.99869,0.99717,4865,Neutral,Neutral,P,P
920,"12/06/2018 08:00:00",USD,CHF,0.9987,0.99807,0.99896,0.99779,4448,Neutral,Neutral,P,P
921,"12/06/2018 09:00:00",USD,CHF,0.99807,0.99705,0.99858,0.99678,4955,Neutral,Neutral,P,P
922,"12/06/2018 10:00:00",USD,CHF,0.99706,0.99816,0.99871,0.99694,4283,Neutral,Neutral,P,P
923,"12/06/2018 11:00:00",USD,CHF,0.99816,0.99723,0.99833,0.99701,3629,Neutral,Neutral,P,P
924,"12/06/2018 12:00:00",USD,CHF,0.99724,0.996,0.99728,0.99592,3476,Neutral,Neutral,P,P
925,"12/06/2018 13:00:00",USD,CHF,0.99601,0.995,0.9962,0.99453,6534,Neutral,Neutral,P,P
926,"12/06/2018 14:00:00",USD,CHF,0.995,0.99079,0.99514,0.99049,8388,Neutral,Neutral,P,P
927,"12/06/2018 15:00:00",USD,CHF,0.9909,0.99191,0.99202,0.98941,9448,Neutral,Neutral,P,P
928,"12/06/2018 16:00:00",USD,CHF,0.99188,0.99282,0.99345,0.99149,6938,Neutral,Neutral,P,P
929,"12/06/2018 17:00:00",USD,CHF,0.99281,0.99238,0.99312,0.99211,5596,Neutral,Neutral,P,P
930,"12/06/2018 18:00:00",USD,CHF,0.99239,0.99251,0.99283,0.99188,4690,Neutral,Neutral,P,P
931,"12/06/2018 19:00:00",USD,CHF,0.99252,0.99313,0.99324,0.99187,4493,Neutral,Neutral,P,P
932,"12/06/2018 20:00:00",USD,CHF,0.99313,0.99319,0.99383,0.99278,3647,Neutral,Neutral,P,P
933,"12/06/2018 21:00:00",USD,CHF,0.99319,0.99239,0.99325,0.99239,1053,Neutral,Neutral,P,P
934,"12/06/2018 22:00:00",USD,CHF,0.99234,0.99237,0.99332,0.99165,1938,Neutral,Neutral,P,P
935,"12/06/2018 23:00:00",USD,CHF,0.99265,0.99319,0.99337,0.99228,1375,Neutral,Neutral,P,P
936,"12/07/2018 00:00:00",USD,CHF,0.9932,0.99299,0.99326,0.99269,1802,Neutral,Neutral,P,P
937,"12/07/2018 01:00:00",USD,CHF,0.99298,0.9924,0.99298,0.99238,1599,Neutral,Neutral,P,P
938,"12/07/2018 02:00:00",USD,CHF,0.9924,0.99267,0.99272,0.99237,1579,Neutral,Neutral,P,P
939,"12/07/2018 03:00:00",USD,CHF,0.99268,0.99235,0.9927,0.99215,1452,Neutral,Neutral,P,P
940,"12/07/2018 04:00:00",USD,CHF,0.99235,0.99265,0.99269,0.99232,1223,Neutral,Neutral,P,P
941,"12/07/2018 05:00:00",USD,CHF,0.99268,0.99267,0.99297,0.99236,1444,Neutral,Neutral,P,P
942,"12/07/2018 06:00:00",USD,CHF,0.99267,0.99258,0.99294,0.99248,1618,Neutral,Neutral,P,P
943,"12/07/2018 07:00:00",USD,CHF,0.99259,0.99275,0.99355,0.99256,2802,Neutral,Neutral,P,P
944,"12/07/2018 08:00:00",USD,CHF,0.99276,0.99283,0.99328,0.99242,4602,Neutral,Neutral,P,P
945,"12/07/2018 09:00:00",USD,CHF,0.99284,0.99393,0.99413,0.99257,3239,Neutral,Neutral,P,P
946,"12/07/2018 10:00:00",USD,CHF,0.99393,0.9938,0.9943,0.99352,2497,Neutral,Neutral,P,P
947,"12/07/2018 11:00:00",USD,CHF,0.9938,0.99252,0.99388,0.99227,3150,Neutral,Neutral,P,P
948,"12/07/2018 12:00:00",USD,CHF,0.99251,0.99372,0.99375,0.99234,3556,Neutral,Neutral,P,P
949,"12/07/2018 13:00:00",USD,CHF,0.99367,0.99265,0.99405,0.99047,8214,Neutral,Neutral,P,P
950,"12/07/2018 14:00:00",USD,CHF,0.99266,0.99243,0.9935,0.99139,8249,Neutral,Neutral,P,P
951,"12/07/2018 15:00:00",USD,CHF,0.99242,0.99184,0.99296,0.99152,7058,Neutral,Neutral,P,P
952,"12/07/2018 16:00:00",USD,CHF,0.99181,0.99137,0.99204,0.9908,5409,Neutral,Neutral,P,P
953,"12/07/2018 17:00:00",USD,CHF,0.99137,0.99164,0.99228,0.99129,3828,Neutral,Neutral,P,P
954,"12/07/2018 18:00:00",USD,CHF,0.99162,0.99009,0.99163,0.99,4273,Neutral,Neutral,P,P
955,"12/07/2018 19:00:00",USD,CHF,0.99009,0.9892,0.99027,0.98896,5105,Neutral,Neutral,P,P
956,"12/07/2018 20:00:00",USD,CHF,0.9892,0.98939,0.98996,0.98919,3534,Neutral,Neutral,P,P
957,"12/07/2018 21:00:00",USD,CHF,0.98939,0.99063,0.99146,0.98919,1463,Neutral,Neutral,P,P
958,"12/09/2018 22:00:00",USD,CHF,0.99039,0.99002,0.99088,0.98956,887,Neutral,Neutral,P,P
959,"12/09/2018 23:00:00",USD,CHF,0.99017,0.98983,0.99082,0.98927,2108,Neutral,Neutral,P,P
960,"12/10/2018 00:00:00",USD,CHF,0.9898,0.98971,0.99001,0.98944,2252,Neutral,Neutral,P,P
961,"12/10/2018 01:00:00",USD,CHF,0.98971,0.98776,0.98978,0.9877,4572,Neutral,Neutral,P,P
962,"12/10/2018 02:00:00",USD,CHF,0.98776,0.98748,0.98781,0.98704,2770,Neutral,Neutral,P,P
963,"12/10/2018 03:00:00",USD,CHF,0.98749,0.9878,0.98781,0.98749,1475,Neutral,Neutral,P,P
964,"12/10/2018 04:00:00",USD,CHF,0.9878,0.98841,0.98855,0.98769,1338,Neutral,Neutral,P,P
965,"12/10/2018 05:00:00",USD,CHF,0.98841,0.98764,0.98851,0.98757,1614,Neutral,Neutral,P,P
966,"12/10/2018 06:00:00",USD,CHF,0.98763,0.98859,0.98863,0.98758,1702,Neutral,Neutral,P,P
967,"12/10/2018 07:00:00",USD,CHF,0.98863,0.9887,0.98901,0.98806,4195,Neutral,Neutral,P,P
968,"12/10/2018 08:00:00",USD,CHF,0.98872,0.99001,0.99022,0.98823,4598,Neutral,Neutral,P,P
969,"12/10/2018 09:00:00",USD,CHF,0.99001,0.98959,0.99006,0.98942,3304,Neutral,Neutral,P,P
970,"12/10/2018 10:00:00",USD,CHF,0.98959,0.98988,0.99004,0.98935,3005,Neutral,Neutral,P,P
971,"12/10/2018 11:00:00",USD,CHF,0.98988,0.98915,0.98996,0.98804,4301,Neutral,Neutral,P,P
972,"12/10/2018 12:00:00",USD,CHF,0.98915,0.98849,0.98915,0.98812,4092,Neutral,Neutral,P,P
973,"12/10/2018 13:00:00",USD,CHF,0.98848,0.98939,0.98997,0.98824,6404,Neutral,Neutral,P,P
974,"12/10/2018 14:00:00",USD,CHF,0.9894,0.98888,0.99063,0.98887,6272,Neutral,Neutral,P,P
975,"12/10/2018 15:00:00",USD,CHF,0.98887,0.98916,0.98959,0.98679,8428,Neutral,Neutral,P,P
976,"12/10/2018 16:00:00",USD,CHF,0.98915,0.98973,0.99044,0.98913,7906,Neutral,Neutral,P,P
977,"12/10/2018 17:00:00",USD,CHF,0.98972,0.99001,0.9902,0.9883,5409,Neutral,Neutral,P,P
978,"12/10/2018 18:00:00",USD,CHF,0.99,0.9896,0.99039,0.98946,6118,Neutral,Neutral,P,P
979,"12/10/2018 19:00:00",USD,CHF,0.9896,0.9897,0.99024,0.98959,4750,Neutral,Neutral,P,P
980,"12/10/2018 20:00:00",USD,CHF,0.98969,0.98982,0.98995,0.9894,3506,Neutral,Neutral,P,P
981,"12/10/2018 21:00:00",USD,CHF,0.98984,0.99028,0.99045,0.98981,1121,Neutral,Neutral,P,P
982,"12/10/2018 22:00:00",USD,CHF,0.99025,0.99031,0.99035,0.98971,971,Neutral,Neutral,P,P
983,"12/10/2018 23:00:00",USD,CHF,0.99031,0.98959,0.99042,0.98936,1464,Neutral,Neutral,P,P
984,"12/11/2018 00:00:00",USD,CHF,0.9896,0.98956,0.98983,0.98932,1407,Neutral,Neutral,P,P
985,"12/11/2018 01:00:00",USD,CHF,0.98957,0.98881,0.98973,0.98861,2573,Neutral,Neutral,P,P
986,"12/11/2018 02:00:00",USD,CHF,0.98879,0.98897,0.98913,0.98863,1351,Neutral,Neutral,P,P
987,"12/11/2018 03:00:00",USD,CHF,0.98895,0.98906,0.98908,0.98867,1179,Neutral,Neutral,P,P
988,"12/11/2018 04:00:00",USD,CHF,0.98905,0.9888,0.98917,0.98869,1614,Neutral,Neutral,P,P
989,"12/11/2018 05:00:00",USD,CHF,0.98879,0.98842,0.98888,0.98835,1625,Neutral,Neutral,P,P
990,"12/11/2018 06:00:00",USD,CHF,0.98843,0.98902,0.98937,0.98843,2013,Neutral,Neutral,P,P
991,"12/11/2018 07:00:00",USD,CHF,0.98902,0.98913,0.98936,0.98869,3128,Neutral,Neutral,P,P
992,"12/11/2018 08:00:00",USD,CHF,0.98912,0.98728,0.98914,0.9871,5073,Neutral,Neutral,P,P
993,"12/11/2018 09:00:00",USD,CHF,0.98728,0.98677,0.98741,0.98629,3507,Neutral,Neutral,P,P
994,"12/11/2018 10:00:00",USD,CHF,0.98675,0.9874,0.98856,0.98666,4878,Neutral,Neutral,P,P
995,"12/11/2018 11:00:00",USD,CHF,0.9874,0.98747,0.98846,0.98725,3269,Neutral,Neutral,P,P
996,"12/11/2018 12:00:00",USD,CHF,0.98747,0.98817,0.98872,0.98732,3097,Neutral,Neutral,P,P
997,"12/11/2018 13:00:00",USD,CHF,0.98818,0.9893,0.9895,0.98799,6556,Neutral,Neutral,P,P
998,"12/11/2018 14:00:00",USD,CHF,0.98931,0.99038,0.99106,0.98913,7042,Neutral,Neutral,P,P
999,"12/11/2018 15:00:00",USD,CHF,0.99039,0.99206,0.99211,0.9902,7057,Neutral,Neutral,P,P
1000,"12/11/2018 16:00:00",USD,CHF,0.99212,0.99313,0.99368,0.99175,6684,Neutral,Neutral,P,P
